-- phpMyAdmin SQL Dump
-- version 5.2.1
-- https://www.phpmyadmin.net/
--
-- Host: 127.0.0.1:3306
-- Creato il: Set 05, 2025 alle 19:40
-- Versione del server: 9.1.0
-- Versione PHP: 8.2.26

SET SQL_MODE = "NO_AUTO_VALUE_ON_ZERO";
START TRANSACTION;
SET time_zone = "+00:00";


/*!40101 SET @OLD_CHARACTER_SET_CLIENT=@@CHARACTER_SET_CLIENT */;
/*!40101 SET @OLD_CHARACTER_SET_RESULTS=@@CHARACTER_SET_RESULTS */;
/*!40101 SET @OLD_COLLATION_CONNECTION=@@COLLATION_CONNECTION */;
/*!40101 SET NAMES utf8mb4 */;

--
-- Database: `my_fantascarrupat`
--

-- --------------------------------------------------------

--
-- Struttura della tabella `competizione`
--

DROP TABLE IF EXISTS `competizione`;
CREATE TABLE IF NOT EXISTS `competizione` (
  `nome_competizione` varchar(100) NOT NULL,
  `tipologia` varchar(100) NOT NULL,
  PRIMARY KEY (`nome_competizione`),
  KEY `tipologia` (`tipologia`),
  KEY `idx_competizione_tipologia` (`tipologia`)
) ENGINE=MyISAM DEFAULT CHARSET=utf8mb4 COLLATE=utf8mb4_0900_ai_ci;

--
-- Dump dei dati per la tabella `competizione`
--

INSERT INTO `competizione` (`nome_competizione`, `tipologia`) VALUES
('Serie A', 'A Calendario'),
('Champions League', 'A Gruppi'),
('Coppa Italia', 'Eliminazione Diretta'),
('Battle Royale', 'Battle Royale'),
('Formula 1', 'Formula Uno'),
('NBA', 'Mista');

-- --------------------------------------------------------

--
-- Struttura della tabella `competizione_disputata`
--

DROP TABLE IF EXISTS `competizione_disputata`;
CREATE TABLE IF NOT EXISTS `competizione_disputata` (
  `id_competizione_disputata` int NOT NULL AUTO_INCREMENT,
  `nome_competizione` varchar(100) NOT NULL,
  `anno` int NOT NULL,
  `vincitore` varchar(100) DEFAULT NULL,
  PRIMARY KEY (`id_competizione_disputata`),
  KEY `nome_competizione` (`nome_competizione`),
  KEY `vincitore` (`vincitore`),
  KEY `idx_competizione_disputata_anno` (`anno`),
  KEY `idx_competizione_disputata_vincitore` (`vincitore`)
) ENGINE=MyISAM AUTO_INCREMENT=21 DEFAULT CHARSET=utf8mb4 COLLATE=utf8mb4_0900_ai_ci;

--
-- Dump dei dati per la tabella `competizione_disputata`
--

INSERT INTO `competizione_disputata` (`id_competizione_disputata`, `nome_competizione`, `anno`, `vincitore`) VALUES
(1, 'Serie A', 2017, 'Quadrato Team'),
(2, 'Serie A', 2018, 'Napolethanos'),
(3, 'Serie A', 2019, 'AntFeud'),
(4, 'Serie A', 2020, 'AntFeud'),
(5, 'Serie A', 2021, 'Mainz Na Gioia'),
(6, 'Serie A', 2022, 'FC Lukand'),
(7, 'Serie A', 2023, 'FC Volante'),
(8, 'Champions League', 2019, 'FC Pocholoco'),
(9, 'Champions League', 2020, 'FC Pocholoco'),
(10, 'Champions League', 2021, 'FC Volante'),
(11, 'Champions League', 2022, 'FC Lukand'),
(12, 'Champions League', 2023, 'Napolethanos'),
(13, 'Coppa Italia', 2021, 'FC Alastor'),
(14, 'Battle Royale', 2022, 'Lambrate FC'),
(15, 'Formula 1', 2023, 'Napolethanos'),
(16, 'Champions League', 2024, 'FC Pocholoco'),
(17, 'Serie A', 2024, 'Ingegneri del Goal'),
(18, 'NBA', 2025, 'AntFeud'),
(19, 'Serie A', 2025, 'Ingegneri del Goal'),
(20, 'Champions League', 2025, 'FC Lukand');

-- --------------------------------------------------------

--
-- Struttura della tabella `dettagli_rosa`
--

DROP TABLE IF EXISTS `dettagli_rosa`;
CREATE TABLE IF NOT EXISTS `dettagli_rosa` (
  `id_rosa` int NOT NULL,
  `id_giocatore` int NOT NULL,
  `crediti_pagati` int NOT NULL,
  PRIMARY KEY (`id_rosa`,`id_giocatore`),
  KEY `id_rosa` (`id_rosa`),
  KEY `id_giocatore` (`id_giocatore`)
) ENGINE=MyISAM DEFAULT CHARSET=utf8mb4 COLLATE=utf8mb4_0900_ai_ci;

--
-- Dump dei dati per la tabella `dettagli_rosa`
--

INSERT INTO `dettagli_rosa` (`id_rosa`, `id_giocatore`, `crediti_pagati`) VALUES
(1, 336, 3),
(1, 75, 15),
(1, 182, 3),
(1, 333, 79),
(1, 332, 1),
(1, 246, 82),
(1, 255, 5),
(1, 524, 210),
(1, 287, 1),
(1, 632, 15),
(1, 335, 12),
(1, 562, 20),
(1, 354, 302),
(1, 215, 1),
(1, 281, 22),
(1, 648, 3),
(1, 297, 20),
(1, 111, 25),
(1, 321, 9),
(1, 327, 1),
(1, 633, 1),
(1, 426, 90),
(1, 38, 30),
(1, 480, 1),
(1, 251, 1),
(8, 385, 1),
(8, 400, 42),
(8, 217, 1),
(8, 112, 12),
(8, 366, 1),
(8, 134, 1),
(8, 322, 17),
(8, 233, 73),
(8, 301, 320),
(8, 344, 1),
(8, 211, 43),
(8, 500, 4),
(8, 136, 4),
(8, 446, 1),
(8, 54, 82),
(8, 472, 15),
(8, 361, 1),
(8, 506, 49),
(8, 162, 1),
(8, 8, 10),
(8, 351, 291),
(8, 420, 1),
(8, 384, 7),
(8, 587, 1),
(8, 526, 1),
(3, 185, 1),
(3, 247, 51),
(3, 381, 1),
(3, 17, 31),
(3, 493, 10),
(3, 229, 73),
(3, 429, 45),
(3, 431, 5),
(3, 240, 1),
(3, 586, 355),
(3, 2, 40),
(3, 107, 1),
(3, 1, 5),
(3, 216, 1),
(3, 201, 150),
(3, 439, 4),
(3, 592, 10),
(3, 460, 1),
(3, 21, 68),
(3, 527, 29),
(3, 143, 17),
(3, 471, 1),
(3, 45, 39),
(3, 260, 18),
(3, 289, 17),
(2, 87, 1),
(2, 236, 25),
(2, 453, 110),
(2, 376, 30),
(2, 248, 72),
(2, 433, 4),
(2, 200, 373),
(2, 357, 33),
(2, 285, 75),
(2, 220, 30),
(2, 23, 2),
(2, 78, 4),
(2, 548, 36),
(2, 536, 10),
(2, 404, 1),
(2, 591, 1),
(2, 167, 1),
(2, 358, 1),
(2, 304, 7),
(2, 316, 13),
(2, 271, 1),
(2, 578, 1),
(2, 522, 8),
(2, 567, 1),
(2, 607, 30),
(4, 347, 48),
(4, 202, 1),
(4, 188, 61),
(4, 610, 2),
(4, 124, 23),
(4, 204, 96),
(4, 377, 21),
(4, 362, 20),
(4, 477, 3),
(4, 250, 1),
(4, 337, 67),
(4, 230, 354),
(4, 195, 49),
(4, 82, 1),
(4, 443, 1),
(4, 213, 1),
(4, 226, 205),
(4, 259, 4),
(4, 650, 3),
(4, 317, 8),
(4, 60, 1),
(4, 117, 1),
(4, 345, 2),
(4, 537, 26),
(4, 655, 1),
(5, 31, 6),
(5, 339, 1),
(5, 115, 16),
(5, 349, 23),
(5, 28, 96),
(5, 5, 1),
(5, 193, 52),
(5, 227, 155),
(5, 469, 3),
(5, 575, 1),
(5, 110, 11),
(5, 593, 1),
(5, 342, 4),
(5, 363, 2),
(5, 299, 301),
(5, 25, 82),
(5, 116, 1),
(5, 189, 52),
(5, 20, 13),
(5, 340, 30),
(5, 464, 1),
(5, 518, 27),
(5, 583, 43),
(5, 302, 1),
(5, 529, 1),
(7, 278, 1),
(7, 277, 1),
(7, 283, 9),
(7, 252, 290),
(7, 369, 5),
(7, 399, 1),
(7, 183, 22),
(7, 49, 29),
(7, 192, 60),
(7, 131, 95),
(7, 290, 14),
(7, 276, 99),
(7, 540, 1),
(7, 12, 1),
(7, 24, 47),
(7, 64, 1),
(7, 68, 1),
(7, 11, 1),
(7, 103, 12),
(7, 207, 1),
(7, 296, 44),
(7, 324, 20),
(7, 270, 11),
(7, 27, 1),
(7, 353, 199),
(6, 378, 151),
(6, 531, 1),
(6, 371, 1),
(6, 144, 1),
(6, 438, 1),
(6, 221, 41),
(6, 298, 126),
(6, 525, 100),
(6, 186, 11),
(6, 196, 12),
(6, 10, 7),
(6, 206, 56),
(6, 588, 32),
(6, 155, 1),
(6, 393, 1),
(6, 174, 32),
(6, 495, 4),
(6, 594, 1),
(6, 505, 1),
(6, 32, 5),
(6, 178, 156),
(6, 558, 50),
(6, 561, 52),
(6, 638, 28),
(6, 654, 1),
(9, 983, 3),
(9, 931, 28),
(9, 792, 1),
(9, 823, 59),
(9, 787, 2),
(9, 759, 2),
(9, 864, 1),
(9, 669, 68),
(9, 316, 1),
(9, 732, 30),
(9, 731, 1),
(9, 761, 43),
(9, 769, 25),
(9, 767, 1),
(9, 822, 36),
(9, 952, 50),
(9, 281, 11),
(9, 999, 1),
(9, 778, 1),
(9, 230, 228),
(9, 655, 104),
(9, 196, 43),
(9, 955, 50),
(9, 22, 10),
(9, 154, 1),
(16, 1019, 305),
(16, 942, 1),
(16, 596, 1),
(16, 561, 75),
(16, 526, 1),
(16, 768, 1),
(16, 765, 41),
(16, 936, 3),
(16, 845, 1),
(16, 114, 15),
(16, 724, 1),
(16, 209, 1),
(16, 959, 5),
(16, 752, 161),
(16, 86, 1),
(16, 233, 49),
(16, 779, 52),
(16, 362, 3),
(16, 217, 1),
(16, 601, 1),
(16, 5, 4),
(16, 93, 1),
(16, 248, 120),
(16, 188, 65),
(16, 31, 8),
(11, 878, 1),
(11, 876, 1),
(11, 682, 6),
(11, 756, 3),
(11, 607, 21),
(11, 32, 2),
(11, 100, 11),
(11, 340, 3),
(11, 744, 1),
(11, 815, 1),
(11, 667, 82),
(11, 776, 1),
(11, 25, 71),
(11, 903, 1),
(11, 1, 45),
(11, 540, 20),
(11, 285, 67),
(11, 935, 1),
(11, 200, 456),
(11, 186, 19),
(11, 1004, 23),
(11, 477, 53),
(11, 431, 17),
(11, 49, 87),
(11, 377, 4),
(10, 1018, 1),
(10, 986, 29),
(10, 866, 116),
(10, 800, 1),
(10, 634, 69),
(10, 628, 1),
(10, 782, 1),
(10, 251, 280),
(10, 846, 8),
(10, 714, 1),
(10, 207, 17),
(10, 825, 53),
(10, 734, 1),
(10, 648, 14),
(10, 261, 1),
(10, 705, 14),
(10, 1012, 14),
(10, 681, 4),
(10, 335, 29),
(10, 195, 8),
(10, 817, 1),
(10, 525, 86),
(10, 183, 41),
(10, 896, 50),
(10, 17, 1),
(12, 919, 80),
(12, 894, 13),
(12, 806, 1),
(12, 859, 1),
(12, 819, 22),
(12, 733, 207),
(12, 184, 3),
(12, 465, 1),
(12, 794, 4),
(12, 235, 1),
(12, 92, 7),
(12, 20, 50),
(12, 527, 4),
(12, 536, 17),
(12, 11, 15),
(12, 102, 5),
(12, 1035, 229),
(12, 717, 99),
(12, 740, 1),
(12, 276, 69),
(12, 520, 1),
(12, 725, 84),
(12, 255, 4),
(12, 349, 10),
(12, 278, 1),
(13, 940, 71),
(13, 614, 1),
(13, 572, 10),
(13, 558, 53),
(13, 537, 16),
(13, 670, 20),
(13, 471, 1),
(13, 897, 24),
(13, 189, 11),
(13, 220, 1),
(13, 353, 71),
(13, 344, 1),
(13, 723, 1),
(13, 337, 43),
(13, 110, 9),
(13, 668, 9),
(13, 10, 12),
(13, 943, 441),
(13, 877, 15),
(13, 192, 110),
(13, 376, 42),
(13, 236, 15),
(13, 762, 1),
(13, 185, 6),
(13, 735, 3),
(15, 1003, 1),
(15, 649, 30),
(15, 480, 50),
(15, 488, 10),
(15, 763, 11),
(15, 267, 1),
(15, 457, 1),
(15, 358, 60),
(15, 747, 30),
(15, 741, 23),
(15, 213, 42),
(15, 840, 1),
(15, 443, 1),
(15, 802, 80),
(15, 483, 1),
(15, 895, 17),
(15, 201, 306),
(15, 944, 1),
(15, 299, 207),
(15, 686, 20),
(15, 593, 3),
(15, 164, 1),
(15, 450, 1),
(15, 781, 35),
(15, 333, 40),
(14, 1026, 29),
(14, 1030, 5),
(14, 927, 5),
(14, 853, 15),
(14, 1002, 450),
(14, 1016, 1),
(14, 327, 1),
(14, 737, 91),
(14, 167, 1),
(14, 162, 1),
(14, 799, 1),
(14, 860, 32),
(14, 775, 23),
(14, 921, 1),
(14, 672, 12),
(14, 627, 1),
(14, 113, 1),
(14, 363, 1),
(14, 342, 1),
(14, 298, 129),
(14, 710, 4),
(14, 727, 90),
(14, 193, 63),
(14, 720, 2),
(14, 202, 1);

-- --------------------------------------------------------

--
-- Struttura della tabella `fantasquadra`
--

DROP TABLE IF EXISTS `fantasquadra`;
CREATE TABLE IF NOT EXISTS `fantasquadra` (
  `nome_fantasquadra` varchar(100) NOT NULL,
  `scudetto` varchar(100) DEFAULT NULL,
  `fantallenatore` varchar(100) NOT NULL,
  `immagine_fantallenatore` varchar(100) NOT NULL,
  `flag_attuale` varchar(1) NOT NULL,
  PRIMARY KEY (`nome_fantasquadra`)
) ENGINE=MyISAM DEFAULT CHARSET=utf8mb4 COLLATE=utf8mb4_0900_ai_ci;

--
-- Dump dei dati per la tabella `fantasquadra`
--

INSERT INTO `fantasquadra` (`nome_fantasquadra`, `scudetto`, `fantallenatore`, `immagine_fantallenatore`, `flag_attuale`) VALUES
('AntFeud', 'AntFeud.png', 'Antonio Di Giorgio', 'AntonioDiGiorgio.jpg', '1'),
('FC Pocholoco', 'Pocholoco.jpg', 'Pasquale Lupoli', 'PasqualeLupoli.jpeg', '1'),
('FC Lukand', 'FCLukand.jpeg', 'Andrea Lucariello', 'AndreaLucariello.png', '1'),
('Fc Ludopatici', 'FCLudopatici.jpeg', 'Lorenzo Parolisi', 'LorenzoParolisi.png', '1'),
('Lambrate FC', 'LambrateFC.jpeg', 'Cristian Cecere', 'CristianCecere.jpeg', '1'),
('Napolethanos', 'Napolethanos.jpeg', 'Mario Castaldi', 'MarioCastadi.jpeg', '1'),
('FC Volante', 'FCVolante.png', 'Vincenzo Gervasio', 'VincenzoGervasio.jpg', '1'),
('Ingegneri del Goal', 'IngegneriDelGoal.png', 'Francesco Parolisi', 'FrancescoParolisi.png', '1'),
('Quadrato Team', 'QuadratoTeam.png', 'Giuseppe Costanzo', 'NonDisponibile.png', '0'),
('Mainz Na Gioia', 'MainzNaGioia.jpeg', 'Emanuele Torcia', 'NonDisponibile.png', '0'),
('FC Alastor', 'FCAlastor.jpeg', 'Antonio Guarino', 'NonDisponibile.png', '0');

-- --------------------------------------------------------

--
-- Struttura della tabella `giocatore`
--

DROP TABLE IF EXISTS `giocatore`;
CREATE TABLE IF NOT EXISTS `giocatore` (
  `id_giocatore` int NOT NULL AUTO_INCREMENT,
  `codice_fantacalcio` int NOT NULL,
  `nome_giocatore` varchar(100) NOT NULL,
  `ruolo` varchar(100) NOT NULL,
  `squadra_reale` varchar(100) NOT NULL,
  PRIMARY KEY (`id_giocatore`)
) ENGINE=MyISAM AUTO_INCREMENT=1046 DEFAULT CHARSET=utf8mb4 COLLATE=utf8mb4_0900_ai_ci;

--
-- Dump dei dati per la tabella `giocatore`
--

INSERT INTO `giocatore` (`id_giocatore`, `codice_fantacalcio`, `nome_giocatore`, `ruolo`, `squadra_reale`) VALUES
(1, 4431, 'Carnesecchi Marco', 'P', 'Atalanta'),
(2, 2792, 'Musso Juan', 'P', 'Atalanta'),
(3, 2297, 'Rossi Francesco', 'P', 'Atalanta'),
(4, 4332, 'Demiral Merih', 'D', 'Atalanta'),
(5, 787, 'Djimsiti Berat', 'D', 'Atalanta'),
(6, 4432, 'Okoli Caleb', 'D', 'Frosinone'),
(7, 2181, 'Palomino Josè Luis', 'D', 'Atalanta'),
(8, 5526, 'Scalvini Giorgio', 'D', 'Atalanta'),
(9, 695, 'Toloi Rafael', 'D', 'Atalanta'),
(10, 2640, 'Kolasinac Sead', 'D', 'Atalanta'),
(11, 5354, 'Ruggeri Matteo', 'D', 'Atalanta'),
(12, 4433, 'Zortea Nadir', 'D', 'Frosinone'),
(13, 5067, 'Bakker Mitchel', 'D', 'Atalanta'),
(14, 2130, 'Hateboer Hans', 'D', 'Atalanta'),
(15, 5375, 'Maehle Joakim', 'D', 'Atalanta'),
(16, 5686, 'Soppy Brandon', 'D', 'Torino'),
(17, 554, 'Zappacosta Davide', 'D', 'Atalanta'),
(18, 4870, 'Adopo Michel Ndary', 'C', 'Atalanta'),
(19, 22, 'De Roon Marten', 'C', 'Atalanta'),
(20, 5792, 'Ederson da Silva', 'C', 'Atalanta'),
(21, 5685, 'Koopmeiners Teun', 'C', 'Atalanta'),
(22, 2077, 'Pasalic Mario', 'C', 'Atalanta'),
(23, 5001, 'Miranchuk Aleksej', 'C', 'Atalanta'),
(24, 4436, 'Cambiaghi Nicolò', 'A', 'Empoli'),
(25, 4730, 'Lookman Ademola', 'A', 'Atalanta'),
(26, 507, 'Muriel Luis', 'A', 'Atalanta'),
(27, 6229, 'Tourè El Bilal', 'A', 'Atalanta'),
(28, 608, 'Zapata Duvan', 'A', 'Torino'),
(29, 5822, 'Bagnolini Nicola', 'P', 'Bologna'),
(30, 2722, 'Ravaglia Federico', 'P', 'Bologna'),
(31, 133, 'Skorupski Lukasz', 'P', 'Bologna'),
(32, 6202, 'Beukema Sam', 'D', 'Bologna'),
(33, 2192, 'Bonifazi Kevin', 'D', 'Frosinone'),
(34, 6042, 'Lucumì Jhon', 'D', 'Bologna'),
(35, 6043, 'Sosa Joaquin', 'D', 'Bologna'),
(36, 4891, 'Soumaoro Adama', 'D', 'Bologna'),
(37, 5424, 'Amey Wisdom', 'D', 'Bologna'),
(38, 6066, 'Posch Stefan', 'D', 'Bologna'),
(39, 487, 'De Silvestri Lorenzo', 'D', 'Bologna'),
(40, 2653, 'Lykogiannis Charalampos', 'D', 'Bologna'),
(41, 4869, 'Dominguez Nicolas', 'C', 'Bologna'),
(42, 6225, 'El Azzouzi Oussama', 'C', 'Bologna'),
(43, 6054, 'Moro Nikola', 'C', 'Bologna'),
(44, 4393, 'Schouten Jerdy', 'C', 'Bologna'),
(45, 5858, 'Ferguson Lewis', 'C', 'Bologna'),
(46, 5772, 'Pyyhtia Niklas', 'C', 'Bologna'),
(47, 5425, 'Urbanski Kacper', 'C', 'Bologna'),
(48, 5784, 'Aebischer Michel', 'C', 'Bologna'),
(49, 2167, 'Orsolini Riccardo', 'C', 'Bologna'),
(50, 2154, 'Vignato Emanuel', 'C', 'Salernitana'),
(51, 2719, 'Barrow Musa', 'A', 'Bologna'),
(52, 4268, 'Arnautovic Marko', 'A', 'Inter'),
(53, 5436, 'Raimondo Antonio', 'A', 'Bologna'),
(54, 5086, 'Zirkzee Joshua', 'A', 'Bologna'),
(55, 1946, 'Aresti Simone', 'P', 'Cagliari'),
(56, 3, 'Radunovic Boris', 'P', 'Cagliari'),
(57, 574, 'Scuffet Simone', 'P', 'Cagliari'),
(58, 5447, 'Altare Giorgio', 'D', 'Cagliari'),
(59, 454, 'Capradossi Elio', 'D', 'Cagliari'),
(60, 6230, 'Dossena Alberto', 'D', 'Cagliari'),
(61, 418, 'Goldaniga Edoardo', 'D', 'Cagliari'),
(62, 5701, 'Obert Adam', 'D', 'Cagliari'),
(63, 5406, 'Di Pardo Alessandro', 'D', 'Cagliari'),
(64, 4461, 'Zappa Gabriele', 'D', 'Cagliari'),
(65, 4421, 'Augello Tommaso', 'D', 'Cagliari'),
(66, 6231, 'Azzi Paulo', 'D', 'Cagliari'),
(67, 1987, 'Jankto Jacub', 'C', 'Cagliari'),
(68, 4514, 'Nandez Nahitan', 'C', 'Cagliari'),
(69, 1871, 'Deiola Alessandro', 'C', 'Cagliari'),
(70, 6232, 'Makoumbou Antoine', 'C', 'Cagliari'),
(71, 2076, 'Rog Marko', 'C', 'Cagliari'),
(72, 6024, 'Sulemana Kakari Ibrahim', 'C', 'Cagliari'),
(73, 5782, 'Kourfalidis Christos', 'C', 'Cagliari'),
(74, 6233, 'Lella Nunzio', 'C', 'Cagliari'),
(75, 440, 'Viola Nicolas', 'C', 'Cagliari'),
(76, 65, 'Mancosu Marco', 'C', 'Cagliari'),
(77, 6218, 'Oristanio Gaetano', 'C', 'Cagliari'),
(78, 5297, 'Luvumbo Zito', 'A', 'Cagliari'),
(79, 1939, 'Lapadula Gianluca', 'A', 'Cagliari'),
(80, 247, 'Pavoletti Leonardo', 'A', 'Cagliari'),
(81, 5311, 'Shomurodov Eldor', 'A', 'Cagliari'),
(82, 4360, 'Caprile Elia', 'P', 'Empoli'),
(83, 673, 'Perisan Samuele', 'P', 'Empoli'),
(84, 6234, 'Stubljar Lovro', 'P', 'Empoli'),
(85, 6056, 'Guarino Gabriele', 'D', 'Empoli'),
(86, 5010, 'Ismajli Ardian', 'D', 'Empoli'),
(87, 393, 'Luperto Sebastiano', 'D', 'Empoli'),
(88, 144, 'Tonelli Lorenzo', 'D', 'Empoli'),
(89, 4374, 'Walukiewicz Sebastian', 'D', 'Empoli'),
(90, 5480, 'Ebuehi Tyronne', 'D', 'Empoli'),
(91, 5450, 'Stojanovic Peter', 'D', 'Empoli'),
(92, 5804, 'Cacace Liberato', 'D', 'Empoli'),
(93, 770, 'Pezzella Giuseppe', 'D', 'Empoli'),
(94, 27, 'Grassi Alberto', 'C', 'Empoli'),
(95, 6203, 'Belardinelli Luca', 'C', 'Empoli'),
(96, 6009, 'Degli Innocenti Duccio', 'C', 'Empoli'),
(97, 2161, 'Haas Nicolas', 'C', 'Empoli'),
(98, 4965, 'Marin Razvan', 'C', 'Empoli'),
(99, 5884, 'Ranocchia Filippo', 'C', 'Empoli'),
(100, 6010, 'Fazzini Jacopo', 'C', 'Empoli'),
(101, 4498, 'Henderson Liam', 'C', 'Empoli'),
(102, 4992, 'Gyasi Emmanuel', 'C', 'Empoli'),
(103, 5823, 'Baldanzi Tommaso', 'C', 'Roma'),
(104, 4896, 'Maldini Daniel', 'C', 'Monza'),
(105, 6011, 'Ekong Emmanuel', 'A', 'Empoli'),
(106, 2819, 'Caputo Francesco', 'A', 'Empoli'),
(107, 4359, 'Piccoli Roberto', 'A', 'Lecce'),
(108, 2294, 'Cerofolini Michele', 'P', 'Frosinone'),
(109, 6184, 'Martinelli Tommaso', 'P', 'Fiorentina'),
(110, 2815, 'Terracciano Pietro', 'P', 'Fiorentina'),
(111, 5323, 'Martinez Quarta Lucas', 'D', 'Fiorentina'),
(112, 2164, 'Milenkovic Nikola', 'D', 'Fiorentina'),
(113, 4378, 'Ranieri Luca', 'D', 'Fiorentina'),
(114, 5885, 'Dodò', 'D', 'Fiorentina'),
(115, 252, 'Biraghi Cristiano', 'D', 'Fiorentina'),
(116, 5449, 'Parisi Fabiano', 'D', 'Fiorentina'),
(117, 6235, 'Kayode Michael', 'D', 'Fiorentina'),
(118, 6236, 'Amatucci Lorenzo', 'C', 'Fiorentina'),
(119, 4522, 'Amrabat Sofyan', 'C', 'Fiorentina'),
(120, 4285, 'Arthur Melo', 'C', 'Fiorentina'),
(121, 1933, 'Mandragora Rolando', 'C', 'Fiorentina'),
(122, 557, 'Benassi Marco', 'C', 'Fiorentina'),
(123, 526, 'Duncan Alfred', 'C', 'Fiorentina'),
(124, 367, 'Bonaventura Giacomo', 'C', 'Fiorentina'),
(125, 4377, 'Castrovilli Gaetano', 'C', 'Fiorentina'),
(126, 4658, 'Ikonè Jonathan', 'C', 'Fiorentina'),
(127, 2839, 'Sottil Riccardo', 'C', 'Fiorentina'),
(128, 2172, 'Barak Antonin', 'C', 'Fiorentina'),
(129, 5788, 'Sabiri Abdelhamid', 'C', 'Fiorentina'),
(130, 4184, 'Brekalo Josip', 'A', 'Fiorentina'),
(131, 4179, 'Gonzalez Nicolas', 'A', 'Fiorentina'),
(132, 2762, 'Kouamè Christian', 'A', 'Fiorentina'),
(133, 5786, 'Cabral Arthur', 'A', 'Fiorentina'),
(134, 2438, 'Jovic Luka', 'A', 'Milan'),
(135, 4867, 'Turati Stefano', 'P', 'Frosinone'),
(136, 4952, 'Monterisi Ilario', 'D', 'Frosinone'),
(137, 76, 'Romagnoli Simone', 'D', 'Frosinone'),
(138, 6237, 'Szyminski Przemyslaw', 'D', 'Frosinone'),
(139, 2252, 'Marchizza Riccardo', 'D', 'Frosinone'),
(140, 6238, 'Oyono Anthony', 'D', 'Frosinone'),
(141, 6239, 'Klitten Lukas', 'D', 'Frosinone'),
(142, 4947, 'Brescianini Marco', 'C', 'Frosinone'),
(143, 5688, 'Harroui Abdou', 'C', 'Frosinone'),
(144, 1976, 'Mazzitelli Luca', 'C', 'Frosinone'),
(145, 6240, 'Haoudi Hamza', 'C', 'Frosinone'),
(146, 6241, 'Gelli Francesco', 'C', 'Frosinone'),
(147, 694, 'Baez Jaime', 'C', 'Frosinone'),
(148, 2183, 'Garritano Luca', 'C', 'Frosinone'),
(149, 6242, 'Bidaoui Soufiane', 'A', 'Frosinone'),
(150, 5364, 'Caso Giuseppe', 'A', 'Frosinone'),
(151, 6204, 'Kvernadze Giorgi', 'A', 'Frosinone'),
(152, 6243, 'Borrelli Gennaro', 'A', 'Frosinone'),
(153, 6214, 'Cuni Marvin', 'A', 'Frosinone'),
(154, 188, 'Leali Nicola', 'P', 'Genoa'),
(155, 5116, 'Martinez Josep', 'P', 'Genoa'),
(156, 219, 'Sommariva Daniele', 'P', 'Genoa'),
(157, 2285, 'Bani Mattia', 'D', 'Genoa'),
(158, 6244, 'Matturro Alan', 'D', 'Genoa'),
(159, 2083, 'Biraschi Davide', 'D', 'Genoa'),
(160, 5365, 'Dragusin Radu', 'D', 'Genoa'),
(161, 6245, 'Vogliacco Alessandro', 'D', 'Genoa'),
(162, 5514, 'Vasquez Johan', 'D', 'Genoa'),
(163, 5748, 'Hefti Silvan', 'D', 'Genoa'),
(164, 2593, 'Martin Aaron', 'D', 'Genoa'),
(165, 1876, 'Pajac Marko', 'D', 'Genoa'),
(166, 791, 'Sabelli Stefano', 'D', 'Genoa'),
(167, 5791, 'Frendrup Morten', 'C', 'Genoa'),
(168, 170, 'Badelj Milan', 'C', 'Genoa'),
(169, 6246, 'Lipani Luca', 'C', 'Sassuolo'),
(170, 470, 'Strootman Kevin', 'C', 'Genoa'),
(171, 4384, 'Jagiello Filip', 'C', 'Genoa'),
(172, 2121, 'Melegoni Filippo', 'C', 'Genoa'),
(173, 1980, 'Aramu Mattia', 'C', 'Genoa'),
(174, 5800, 'Gudmundsson Albert', 'C', 'Genoa'),
(175, 5506, 'Ekuban Caleb', 'A', 'Genoa'),
(176, 2190, 'Coda Massimo', 'A', 'Genoa'),
(177, 281, 'Puscas George', 'A', 'Genoa'),
(178, 6228, 'Retegui Mateo', 'A', 'Genoa'),
(179, 6247, 'Yalcin Guven', 'A', 'Genoa'),
(180, 1926, 'Di Gennaro Raffaele', 'P', 'Inter'),
(181, 6248, 'Stankovic Filip', 'P', 'Inter'),
(182, 513, 'Acerbi Francesco', 'D', 'Inter'),
(183, 2120, 'Bastoni Alessandro', 'D', 'Inter'),
(184, 6217, 'Bisseck Yann Aurel', 'D', 'Inter'),
(185, 322, 'De Vrij Stefan', 'D', 'Inter'),
(186, 2525, 'Darmian Matteo', 'D', 'Inter'),
(187, 697, 'Cuadrado Juan', 'D', 'Inter'),
(188, 254, 'Dimarco Federico', 'D', 'Inter'),
(189, 5513, 'Dumfries Denzel', 'D', 'Inter'),
(190, 2160, 'Gosens Robin', 'D', 'Inter'),
(191, 5719, 'Asllani Kristjan', 'C', 'Inter'),
(192, 2194, 'Calhanoglu Hakan', 'C', 'Inter'),
(193, 1870, 'Barella Nicolò', 'C', 'Inter'),
(194, 6206, 'Fabbian Giovanni', 'C', 'Bologna'),
(195, 2848, 'Frattesi Davide', 'C', 'Inter'),
(196, 2529, 'Mkhitaryan Henrikh', 'C', 'Inter'),
(197, 1978, 'Sensi Stefano', 'C', 'Inter'),
(198, 495, 'Correa Joaquin', 'A', 'Inter'),
(199, 4463, 'Esposito Sebastiano', 'A', 'Inter'),
(200, 2764, 'Martinez Lautaro', 'A', 'Inter'),
(201, 4871, 'Thuram Marcus', 'A', 'Inter'),
(202, 218, 'Perin Mattia', 'P', 'Juventus'),
(203, 1930, 'Pinsoglio Carlo', 'P', 'Juventus'),
(204, 453, 'Szczesny Wojciech', 'P', 'Juventus'),
(205, 286, 'Bonucci Leonardo', 'D', 'Juventus'),
(206, 2788, 'Bremer', 'D', 'Juventus'),
(207, 5831, 'Gatti Federico', 'D', 'Juventus'),
(208, 294, 'Rugani Daniele', 'D', 'Juventus'),
(209, 5739, 'De Winter Koni', 'D', 'Genoa'),
(210, 662, 'Alex Sandro Lobo', 'D', 'Juventus'),
(211, 4237, 'Danilo Luiz da Silva', 'D', 'Juventus'),
(212, 2728, 'Pellegrini Luca', 'D', 'Lazio'),
(213, 5520, 'Cambiaso Andrea', 'D', 'Juventus'),
(214, 358, 'De Sciglio Mattia', 'D', 'Juventus'),
(215, 4711, 'Kostic Filip', 'C', 'Juventus'),
(216, 4662, 'Weah Timothy', 'C', 'Juventus'),
(217, 827, 'Locatelli Manuel', 'C', 'Juventus'),
(218, 4349, 'Nicolussi Caviglia Hans', 'C', 'Juventus'),
(219, 4459, 'Rovella Nicolò', 'C', 'Lazio'),
(220, 4973, 'McKennie Weston', 'C', 'Juventus'),
(221, 2379, 'Rabiot Adrien', 'C', 'Juventus'),
(222, 4465, 'Fagioli Nicolò', 'C', 'Juventus'),
(223, 5813, 'Miretti Fabio', 'C', 'Juventus'),
(224, 303, 'Pogba Paul', 'C', 'Juventus'),
(225, 6112, 'Iling Junior Samuel', 'C', 'Juventus'),
(226, 5734, 'Soulè Matias', 'A', 'Frosinone'),
(227, 2002, 'Chiesa Federico', 'A', 'Juventus'),
(228, 2097, 'Kean Moise', 'A', 'Juventus'),
(229, 2012, 'Milik Arkadiusz', 'A', 'Juventus'),
(230, 2841, 'Vlahovic Dusan', 'A', 'Juventus'),
(231, 5502, 'Adamonis Marius', 'P', 'Lazio'),
(232, 5832, 'Luis Maximiano', 'P', 'Lazio'),
(233, 2814, 'Provedel Ivan', 'P', 'Lazio'),
(234, 5498, 'Casale Nicolò', 'D', 'Lazio'),
(235, 5833, 'Gila Mario', 'D', 'Lazio'),
(236, 460, 'Romagnoli Alessio', 'D', 'Lazio'),
(237, 327, 'Patric', 'D', 'Lazio'),
(238, 2263, 'Lazzari Manuel', 'D', 'Lazio'),
(239, 140, 'Hysaj Elseid', 'D', 'Lazio'),
(240, 2188, 'Marusic Adam', 'D', 'Lazio'),
(241, 5286, 'Akpa Akpro Jean-Daniel', 'C', 'Monza'),
(242, 333, 'Cataldi Danilo', 'C', 'Lazio'),
(243, 5834, 'Marcos Antonio', 'C', 'Lazio'),
(244, 181, 'Vecino Matias', 'C', 'Lazio'),
(245, 5674, 'Basic Toma', 'C', 'Salernitana'),
(246, 2085, 'Luis Alberto Alconchel', 'C', 'Lazio'),
(247, 335, 'Felipe Anderson', 'C', 'Lazio'),
(248, 632, 'Zaccagni Mattia', 'C', 'Lazio'),
(249, 5500, 'Cancellieri Matteo', 'A', 'Empoli'),
(250, 2489, 'Pedro Rodriguez Ledesma', 'A', 'Lazio'),
(251, 6226, 'Castellanos Taty', 'A', 'Lazio'),
(252, 785, 'Immobile Ciro', 'A', 'Lazio'),
(253, 4468, 'Bleve Marco', 'P', 'Lecce'),
(254, 4351, 'Brancolini Federico', 'P', 'Lecce'),
(255, 2134, 'Falcone Wladimiro', 'P', 'Lecce'),
(256, 139, 'Dermaku Kastriot', 'D', 'Lecce'),
(257, 5603, 'Pongracic Marin', 'D', 'Lecce'),
(258, 6223, 'Smajlovic Zinedin', 'D', 'Lecce'),
(259, 5835, 'Baschirotto Federico', 'D', 'Lecce'),
(260, 5867, 'Gendrey Valentin', 'D', 'Lecce'),
(261, 4502, 'Gallo Antonino', 'D', 'Lecce'),
(262, 2174, 'Venuti Lorenzo', 'D', 'Lecce'),
(263, 5869, 'Blin Alexis', 'C', 'Lecce'),
(264, 5870, 'Hjulmand Morten', 'C', 'Lecce'),
(265, 5999, 'Gonzalez Joan', 'C', 'Lecce'),
(266, 5457, 'Maleh Youssef', 'C', 'Empoli'),
(267, 5872, 'Helgason Thorir Johann', 'C', 'Lecce'),
(268, 6222, 'Rafia Hamza', 'C', 'Lecce'),
(269, 4486, 'Strefezza Gabriel', 'C', 'Lecce'),
(270, 6207, 'Almqvist Pontus', 'A', 'Lecce'),
(271, 6001, 'Banda Lameck', 'A', 'Lecce'),
(272, 1857, 'Di Francesco Federico', 'A', 'Lecce'),
(273, 5874, 'Rodriguez Pablo', 'A', 'Lecce'),
(274, 5836, 'Ceesay Assan', 'A', 'Lecce'),
(275, 5837, 'Voelkerling Persson Joel', 'A', 'Lecce'),
(276, 4312, 'Maignan Mike', 'P', 'Milan'),
(277, 41, 'Mirante Antonio', 'P', 'Milan'),
(278, 4, 'Sportiello Marco', 'P', 'Milan'),
(279, 2633, 'Kjaer Simon', 'D', 'Milan'),
(280, 6055, 'Thiaw Malick', 'D', 'Milan'),
(281, 4751, 'Tomori Fikayo', 'D', 'Milan'),
(282, 4976, 'Kalulu Pierre', 'D', 'Milan'),
(283, 357, 'Calabria Davide', 'D', 'Milan'),
(284, 5017, 'Ballo-Tourè Fodè', 'D', 'Milan'),
(285, 4292, 'Hernandez Theo', 'D', 'Milan'),
(286, 464, 'Florenzi Alessandro', 'D', 'Milan'),
(287, 2818, 'Bennacer Ismael', 'C', 'Milan'),
(288, 148, 'Krunic Rade', 'C', 'Milan'),
(289, 6224, 'Reijinders Tijjani', 'C', 'Milan'),
(290, 4199, 'Loftus-Cheek Ruben', 'C', 'Milan'),
(291, 5298, 'Pobega Tommaso', 'C', 'Milan'),
(292, 4970, 'Messias Junior', 'C', 'Genoa'),
(293, 5510, 'Romero Luka', 'C', 'Milan'),
(294, 4892, 'Saelemaekers Alexis', 'C', 'Bologna'),
(295, 5875, 'Adli Yacine', 'C', 'Milan'),
(296, 5995, 'De Ketelaere Charles', 'C', 'Atalanta'),
(297, 4856, 'Chukwueze Samuel', 'C', 'Milan'),
(298, 2423, 'Pulisic Christian', 'C', 'Milan'),
(299, 4510, 'Leao Rafael', 'A', 'Milan'),
(300, 4923, 'Colombo Lorenzo', 'A', 'Monza'),
(301, 4200, 'Giroud Olivier', 'A', 'Milan'),
(302, 6227, 'Okafor Noah', 'A', 'Milan'),
(303, 2466, 'Origi Divock', 'A', 'Milan'),
(304, 5876, 'Di Gregorio Michele', 'P', 'Monza'),
(305, 217, 'Lamanna Eugenio', 'P', 'Monza'),
(306, 5853, 'Sorrentino Alessandro', 'P', 'Monza'),
(307, 5399, 'Antov Valentin', 'D', 'Monza'),
(308, 5757, 'Cittadini Giorgio', 'D', 'Genoa'),
(309, 226, 'Izzo Armando', 'D', 'Monza'),
(310, 4904, 'Marì Pablo', 'D', 'Monza'),
(311, 4958, 'Caldirola Luca', 'D', 'Monza'),
(312, 4925, 'Carboni Andrea', 'D', 'Monza'),
(313, 6149, 'Carboni Franco', 'D', 'Monza'),
(314, 4530, 'Kyriakopoulos Georgios', 'D', 'Monza'),
(315, 5838, 'Birindelli Samuele', 'D', 'Monza'),
(316, 5877, 'Carlos Augusto', 'D', 'Inter'),
(317, 5880, 'Ciurria Patrick', 'C', 'Monza'),
(318, 21, 'D\'Alessandro Marco', 'C', 'Monza'),
(319, 801, 'Gagliardini Roberto', 'C', 'Monza'),
(320, 666, 'Machin Josè', 'C', 'Monza'),
(321, 5878, 'Colpani Andrea', 'C', 'Monza'),
(322, 2741, 'Pessina Matteo', 'C', 'Monza'),
(323, 2274, 'Valoti Mattia', 'C', 'Monza'),
(324, 6106, 'Carboni Valentin', 'C', 'Monza'),
(325, 5879, 'Vignato Samuele', 'C', 'Monza'),
(326, 1958, 'Caprari Gianluca', 'A', 'Monza'),
(327, 5882, 'Mota Dany', 'A', 'Monza'),
(328, 6249, 'Diaw Davide', 'A', 'Monza'),
(329, 6250, 'Maric Mirko', 'A', 'Monza'),
(330, 383, 'Petagna Andrea', 'A', 'Cagliari'),
(331, 2845, 'Contini Nikita', 'P', 'Napoli'),
(332, 610, 'Gollini Pierluigi', 'P', 'Napoli'),
(333, 572, 'Meret Alex', 'P', 'Napoli'),
(334, 5750, 'Ostigard Leo', 'D', 'Napoli'),
(335, 4409, 'Rrahmani Amir', 'D', 'Napoli'),
(336, 256, 'Juan Jesus Nunes', 'D', 'Napoli'),
(337, 2816, 'Di Lorenzo Giovanni', 'D', 'Napoli'),
(338, 5527, 'Zanoli Alessandro', 'D', 'Salernitana'),
(339, 142, 'Mario Rui Duarte', 'D', 'Napoli'),
(340, 5840, 'Olivera Mathias', 'D', 'Napoli'),
(341, 4725, 'Demme Diego', 'C', 'Napoli'),
(342, 4287, 'Lobotka Stanislav', 'C', 'Napoli'),
(343, 6251, 'Saco Coli', 'C', 'Napoli'),
(344, 4220, 'Zambo Anguissa Andrè', 'C', 'Napoli'),
(345, 6252, 'Folorunsho Michael', 'C', 'Verona'),
(346, 4364, 'Gaetano Gianluca', 'C', 'Cagliari'),
(347, 152, 'Zielinski Piotr', 'C', 'Napoli'),
(348, 4479, 'Elmas Eljif', 'C', 'Napoli'),
(349, 536, 'Politano Matteo', 'C', 'Napoli'),
(350, 5998, 'Zerbin Alessio', 'C', 'Monza'),
(351, 5839, 'Kvaratskhelia Khvicha', 'A', 'Napoli'),
(352, 4517, 'Lozano Hirving', 'A', 'Napoli'),
(353, 4371, 'Raspadori Giacomo', 'A', 'Napoli'),
(354, 4661, 'Osimhen Victor', 'A', 'Napoli'),
(355, 2061, 'Simeone Giovanni', 'A', 'Napoli'),
(356, 5304, 'Boer Pietro', 'P', 'Roma'),
(357, 4270, 'Rui Patricio', 'P', 'Roma'),
(358, 5841, 'Svilar Mile', 'P', 'Roma'),
(359, 4331, 'Ibanez Roger', 'D', 'Roma'),
(360, 4495, 'Kumbulla Marash', 'D', 'Sassuolo'),
(361, 5239, 'Llorente Diego', 'D', 'Roma'),
(362, 2296, 'Mancini Gianluca', 'D', 'Roma'),
(363, 4317, 'N\'Dicka Evan', 'D', 'Roma'),
(364, 4245, 'Smalling Chris', 'D', 'Roma'),
(365, 4657, 'Celik Zeki', 'D', 'Roma'),
(366, 2180, 'Karsdorp Rick', 'D', 'Roma'),
(367, 6220, 'Kristensen Rasmus', 'D', 'Roma'),
(368, 5509, 'Vina Matias', 'D', 'Sassuolo'),
(369, 1852, 'Spinazzola Leonardo', 'D', 'Roma'),
(370, 5422, 'Zalewski Nicola', 'C', 'Roma'),
(371, 779, 'Cristante Bryan', 'C', 'Roma'),
(372, 6168, 'Faticanti Giacomo', 'C', 'Lecce'),
(373, 2528, 'Matic Nemanja', 'C', 'Roma'),
(374, 5423, 'Bove Edoardo', 'C', 'Roma'),
(375, 4142, 'Aouar Houssem', 'C', 'Roma'),
(376, 530, 'Pellegrini Lorenzo', 'C', 'Roma'),
(377, 795, 'El Shaarawy Stephan', 'C', 'Roma'),
(378, 309, 'Dybala Paulo', 'A', 'Roma'),
(379, 6119, 'Solbakken Ola', 'A', 'Roma'),
(380, 2544, 'Abraham Tammy', 'A', 'Roma'),
(381, 441, 'Belotti Andrea', 'A', 'Fiorentina'),
(382, 2338, 'Costil Benoit', 'P', 'Salernitana'),
(383, 1947, 'Fiorillo Vincenzo', 'P', 'Salernitana'),
(384, 6120, 'Ochoa Guillermo', 'P', 'Salernitana'),
(385, 159, 'Sepe Luigi', 'P', 'Lazio'),
(386, 2016, 'Fazio Federico', 'D', 'Salernitana'),
(387, 660, 'Gyomber Norbert', 'D', 'Salernitana'),
(388, 4934, 'Lovato Matteo', 'D', 'Torino'),
(389, 4897, 'Pirola Lorenzo', 'D', 'Salernitana'),
(390, 6028, 'Bronn Dylan', 'D', 'Salernitana'),
(391, 5554, 'Daniliuc Flavius', 'D', 'Salernitana'),
(392, 5856, 'Sambia Junior', 'D', 'Salernitana'),
(393, 5532, 'Bradaric Domagoj', 'D', 'Salernitana'),
(394, 5481, 'Mazzocchi Pasquale', 'D', 'Napoli'),
(395, 5798, 'Bohinen Emil', 'C', 'Genoa'),
(396, 5504, 'Coulibaly Lassana', 'C', 'Salernitana'),
(397, 2144, 'Coulibaly Mamadou', 'C', 'Salernitana'),
(398, 4988, 'Maggiore Giulio', 'C', 'Salernitana'),
(399, 2117, 'Kastanos Grigoris', 'C', 'Salernitana'),
(400, 332, 'Candreva Antonio', 'C', 'Salernitana'),
(401, 505, 'Bonazzoli Federico', 'A', 'Verona'),
(402, 5843, 'Valencia Diego', 'A', 'Salernitana'),
(403, 5842, 'Botheim Erik', 'A', 'Salernitana'),
(404, 5672, 'Dia Boulaye', 'A', 'Salernitana'),
(405, 509, 'Consigli Andrea', 'P', 'Sassuolo'),
(406, 2178, 'Cragno Alessio', 'P', 'Sassuolo'),
(407, 510, 'Pegolo Gianluca', 'P', 'Sassuolo'),
(408, 4982, 'Erlic Martin', 'D', 'Sassuolo'),
(409, 1895, 'Ferrari Gianmarco', 'D', 'Sassuolo'),
(410, 6208, 'Flamingo Ryan', 'D', 'Sassuolo'),
(411, 5747, 'Tressoldi Ruan', 'D', 'Sassuolo'),
(412, 5718, 'Viti Mattia', 'D', 'Sassuolo'),
(413, 6189, 'Missori Filippo', 'D', 'Sassuolo'),
(414, 4426, 'Toljan Jeremy', 'D', 'Sassuolo'),
(415, 2318, 'Rogerio', 'D', 'Sassuolo'),
(416, 6219, 'Boloca Daniel', 'C', 'Sassuolo'),
(417, 4681, 'Lopez Maxime', 'C', 'Fiorentina'),
(418, 4501, 'Obiang Pedro', 'C', 'Sassuolo'),
(419, 5511, 'Matheus Henrique', 'C', 'Sassuolo'),
(420, 5844, 'Thorstvedt Kristian', 'C', 'Sassuolo'),
(421, 5451, 'Bajrami Nedim', 'C', 'Sassuolo'),
(422, 5735, 'Volpato Cristian', 'C', 'Sassuolo'),
(423, 531, 'Berardi Domenico', 'A', 'Sassuolo'),
(424, 5776, 'Ceide Emil Konradsen', 'A', 'Sassuolo'),
(425, 643, 'Defrel Gregoire', 'A', 'Sassuolo'),
(426, 6060, 'Laurientè Armand', 'A', 'Sassuolo'),
(427, 5845, 'Alvarez Agustin', 'A', 'Sassuolo'),
(428, 6205, 'Mulattieri Samuele', 'A', 'Sassuolo'),
(429, 2038, 'Pinamonti Andrea', 'A', 'Sassuolo'),
(430, 4525, 'Gemello Luca', 'P', 'Torino'),
(431, 2170, 'Milinkovic-Savic Vanja', 'P', 'Torino'),
(432, 6210, 'Popa Mihai', 'P', 'Torino'),
(433, 2724, 'Buongiorno Alessandro', 'D', 'Torino'),
(434, 2869, 'Djidji Koffi', 'D', 'Torino'),
(435, 6253, 'N\'Guessan Ange Caumenan', 'D', 'Torino'),
(436, 6041, 'Schuurs Perr', 'D', 'Torino'),
(437, 5691, 'Zima David', 'D', 'Torino'),
(438, 2169, 'Rodriguez Ricardo', 'D', 'Torino'),
(439, 4887, 'Bellanova Raoul', 'D', 'Torino'),
(440, 4899, 'Singo Wilfried Stephane', 'D', 'Torino'),
(441, 4994, 'Vojvoda Mergim', 'D', 'Torino'),
(442, 2008, 'Linetty Karol', 'C', 'Torino'),
(443, 5453, 'Ricci Samuele', 'C', 'Torino'),
(444, 4890, 'Tameze Adrien', 'C', 'Torino'),
(445, 6170, 'Gineitis Gvidas', 'C', 'Torino'),
(446, 5007, 'Ilic Ivan', 'C', 'Torino'),
(447, 6005, 'Ilkhan Emirhan', 'C', 'Torino'),
(448, 5063, 'Radonjic Nemanja', 'C', 'Torino'),
(449, 376, 'Verdi Simone', 'C', 'Torino'),
(450, 2325, 'Karamoh Yann', 'A', 'Torino'),
(451, 5806, 'Seck Demba', 'A', 'Frosinone'),
(452, 2103, 'Pellegri Pietro', 'A', 'Torino'),
(453, 479, 'Sanabria Antonio', 'A', 'Torino'),
(454, 543, 'Padelli Daniele', 'P', 'Udinese'),
(455, 5707, 'Piana Edoardo', 'P', 'Udinese'),
(456, 2211, 'Silvestri Marco', 'P', 'Udinese'),
(457, 5847, 'Bijol Jaka', 'D', 'Udinese'),
(458, 6023, 'Guessand Axel', 'D', 'Udinese'),
(459, 4263, 'Kabasele Christian', 'D', 'Udinese'),
(460, 5677, 'Perez Nehuen', 'D', 'Udinese'),
(461, 6021, 'Abankwah James', 'D', 'Udinese'),
(462, 5994, 'Ebosse Enzo', 'D', 'Udinese'),
(463, 49, 'Masina Adam', 'D', 'Torino'),
(464, 5848, 'Ebosele Festy', 'D', 'Udinese'),
(465, 6047, 'Ehizibue Kingsley', 'D', 'Udinese'),
(466, 5555, 'Kamara Hassane', 'D', 'Udinese'),
(467, 6211, 'Zemura Jordan', 'D', 'Udinese'),
(468, 6221, 'Camara Etienne', 'C', 'Udinese'),
(469, 2392, 'Walace Souza', 'C', 'Udinese'),
(470, 6212, 'Zarraga Oier', 'C', 'Udinese'),
(471, 5850, 'Lovric Sandi', 'C', 'Udinese'),
(472, 5119, 'Samardzic Lazar', 'C', 'Udinese'),
(473, 4787, 'Quina Domingos', 'C', 'Udinese'),
(474, 5824, 'Pafundi Simone', 'C', 'Udinese'),
(475, 2119, 'Deulofeu Gerard', 'A', 'Udinese'),
(476, 5676, 'Success Isaac', 'A', 'Udinese'),
(477, 2369, 'Thauvin Florian', 'A', 'Udinese'),
(478, 5694, 'Beto', 'A', 'Udinese'),
(479, 6213, 'Brenner', 'A', 'Udinese'),
(480, 6215, 'Lucca Lorenzo', 'A', 'Udinese'),
(481, 6160, 'Vivaldo Semedo', 'A', 'Udinese'),
(482, 4491, 'Berardi Alessandro', 'P', 'Verona'),
(483, 4957, 'Montipò Lorenzo', 'P', 'Verona'),
(484, 511, 'Perilli Simone', 'P', 'Verona'),
(485, 5764, 'Coppola Diego', 'D', 'Verona'),
(486, 4493, 'Dawidowicz Pawel', 'D', 'Verona'),
(487, 2758, 'Gunter Koray', 'D', 'Verona'),
(488, 6046, 'Hien Isak', 'D', 'Atalanta'),
(489, 2769, 'Magnani Giangiacomo', 'D', 'Verona'),
(490, 1891, 'Ceccherini Federico', 'D', 'Verona'),
(491, 5316, 'Amione Bruno', 'D', 'Verona'),
(492, 6039, 'Cabal Juan', 'D', 'Verona'),
(493, 581, 'Faraoni Davide', 'D', 'Fiorentina'),
(494, 5812, 'Terracciano Filippo', 'D', 'Milan'),
(495, 5851, 'Doig Josh', 'D', 'Sassuolo'),
(496, 236, 'Lazovic Darko', 'C', 'Verona'),
(497, 5499, 'Hongla Martin', 'C', 'Verona'),
(498, 6254, 'Joselito', 'C', 'Verona'),
(499, 5947, 'Hrustic Ajdin', 'C', 'Verona'),
(500, 4342, 'Duda Ondrej', 'C', 'Verona'),
(501, 6216, 'Mboula Jordi', 'C', 'Verona'),
(502, 150, 'Saponara Riccardo', 'C', 'Verona'),
(503, 5395, 'Braaf Jayden', 'A', 'Verona'),
(504, 5439, 'Kallon Yayah', 'A', 'Verona'),
(505, 6145, 'Ngonge Cyril', 'A', 'Napoli'),
(506, 5471, 'Djuric Milan', 'A', 'Monza'),
(507, 5529, 'Henry Thomas', 'A', 'Verona'),
(508, 90, 'Lasagna Kevin', 'A', 'Verona'),
(509, 6255, 'Gori Stefano', 'P', 'Monza'),
(510, 4404, 'Thorsby Morten', 'C', 'Genoa'),
(511, 6256, 'Ferreira Joao', 'D', 'Udinese'),
(512, 2122, 'Latte Lath Emmanuel', 'A', 'Atalanta'),
(513, 6257, 'Dorgu Patrick', 'D', 'Lecce'),
(514, 253, 'D\'Ambrosio Danilo', 'D', 'Monza'),
(515, 2286, 'Crociata Giovanni', 'C', 'Empoli'),
(516, 6393, 'Infantino Gino', 'C', 'Fiorentina'),
(517, 6394, 'Ramadani Ylber', 'C', 'Lecce'),
(518, 5948, 'Kamada Daichi', 'C', 'Lazio'),
(519, 5295, 'Musah Junus', 'C', 'Milan'),
(520, 4210, 'Mina Yerry', 'D', 'Cagliari'),
(521, 6395, 'Shpendi Stiven', 'A', 'Empoli'),
(522, 6396, 'Natan', 'D', 'Napoli'),
(523, 5060, 'Akè Marley', 'A', 'Udinese'),
(524, 2137, 'Scamacca Gianluca', 'A', 'Atalanta'),
(525, 2428, 'Sommer Yann', 'P', 'Inter'),
(526, 6398, 'Isaksen Gustav', 'A', 'Lazio'),
(527, 5687, 'Vlasic Nikola', 'C', 'Torino'),
(528, 6401, 'Gonzalez Facundo', 'D', 'Juventus'),
(529, 6403, 'Christensen Oliver', 'P', 'Fiorentina'),
(530, 6402, 'Cajuste Jens', 'C', 'Napoli'),
(531, 761, 'Audero Emil', 'P', 'Inter'),
(532, 5336, 'Nzola M\'Bala', 'A', 'Fiorentina'),
(533, 6406, 'Borbei Alexandru', 'P', 'Lecce'),
(534, 6407, 'Corazza Tommaso', 'D', 'Bologna'),
(535, 6411, 'Mateus Lusuardi', 'D', 'Frosinone'),
(536, 5564, 'Ndoye Dan', 'C', 'Bologna'),
(537, 6409, 'Beltran Lucas', 'A', 'Fiorentina'),
(538, 6410, 'Kaba Mohamed', 'C', 'Lecce'),
(539, 6175, 'Barrenechea Enzo', 'C', 'Frosinone'),
(540, 4385, 'Lazaro Valentino', 'D', 'Torino'),
(541, 2737, 'Bettella Davide', 'D', 'Monza'),
(542, 6415, 'Palmisani Lorenzo', 'P', 'Frosinone'),
(543, 6418, 'Burnete Rares', 'A', 'Lecce'),
(544, 6419, 'Corfitzen Jeppe', 'A', 'Lecce'),
(545, 6420, 'Pagano Riccardo', 'C', 'Roma'),
(546, 468, 'Paredes Leandro', 'C', 'Roma'),
(547, 2543, 'Renato Sanches', 'C', 'Roma'),
(548, 5505, 'Kaio Jorge', 'A', 'Frosinone'),
(549, 5267, 'Racic Uros', 'C', 'Sassuolo'),
(550, 6423, 'Legowski Mateusz', 'C', 'Salernitana'),
(551, 6424, 'Prati Matteo', 'C', 'Cagliari'),
(552, 6427, 'Stewart Trivante', 'A', 'Salernitana'),
(553, 6430, 'Kalaj Sergio', 'D', 'Frosinone'),
(554, 500, 'Lulic Karlo', 'C', 'Frosinone'),
(555, 729, 'Pereira Pedro', 'D', 'Monza'),
(556, 5391, 'Kokorin Aleksandr', 'A', 'Fiorentina'),
(557, 6432, 'Pierozzi Niccolò', 'D', 'Salernitana'),
(558, 6434, 'Yildiz Kenan', 'A', 'Juventus'),
(559, 6433, 'Huijsen Dean', 'D', 'Roma'),
(560, 6425, 'Ikwuemesi Chukwubuikem', 'A', 'Salernitana'),
(561, 6435, 'Krstovic Nikola', 'A', 'Lecce'),
(562, 4427, 'Malinovskyi Ruslan', 'C', 'Genoa'),
(563, 6444, 'Bonfanti Giovanni', 'D', 'Atalanta'),
(564, 6439, 'Cheddira Walid', 'A', 'Frosinone'),
(565, 6448, 'Martegani Agustin', 'C', 'Salernitana'),
(566, 5446, 'van Hooijdonk Sydney', 'A', 'Bologna'),
(567, 6426, 'Pedersen Marcus', 'D', 'Sassuolo'),
(568, 2104, 'Bereszynski Bartosz', 'D', 'Empoli'),
(569, 6458, 'Serdar Suat', 'C', 'Verona'),
(570, 6460, 'Pellegrino Marco', 'D', 'Salernitana'),
(571, 6459, 'Karlsson Jesper', 'A', 'Bologna'),
(572, 6462, 'Okoye Maduka', 'P', 'Udinese'),
(573, 5807, 'Jovane Cabral', 'A', 'Salernitana'),
(574, 5397, 'Kovalenko Viktor', 'C', 'Empoli'),
(575, 2475, 'Sanchez Alexis', 'A', 'Inter'),
(576, 5795, 'Azmoun Sardar', 'A', 'Roma'),
(577, 6465, 'Touba Ahmed', 'D', 'Lecce'),
(578, 6061, 'Oudin Remi', 'C', 'Lecce'),
(579, 2006, 'Lirola Pol', 'D', 'Frosinone'),
(580, 6464, 'Wieteska Mateusz', 'D', 'Cagliari'),
(581, 316, 'Berisha Etrit', 'P', 'Empoli'),
(582, 5695, 'Haps Ridgeciano', 'D', 'Genoa'),
(583, 5949, 'Lindstrom Jesper', 'C', 'Napoli'),
(584, 472, 'Destro Mattia', 'A', 'Empoli'),
(585, 2799, 'Frattali Pierluigi', 'P', 'Frosinone'),
(586, 2531, 'Lukaku Romelu', 'A', 'Roma'),
(587, 6148, 'Kristiansen Victor', 'D', 'Bologna'),
(588, 4177, 'Pavard Benjamin', 'D', 'Inter'),
(589, 6474, 'Sazonov Saba', 'D', 'Torino'),
(590, 6480, 'Tchatchoua Jackson', 'C', 'Verona'),
(591, 5678, 'Holm Emil', 'D', 'Atalanta'),
(592, 4945, 'Calafiori Riccardo', 'D', 'Bologna'),
(593, 4186, 'Guendouzi Matteo', 'C', 'Lazio'),
(594, 5919, 'Tchaouna Loum', 'C', 'Salernitana'),
(595, 6479, 'Kutlu Berkan', 'C', 'Genoa'),
(596, 6482, 'Mandas Christos', 'P', 'Lazio'),
(597, 5093, 'Reinier Jesus Carvalho', 'C', 'Frosinone'),
(598, 6485, 'Kristensen Thomas', 'D', 'Udinese'),
(599, 2692, 'Castillejo Samu', 'C', 'Sassuolo'),
(600, 2825, 'Bourabia Mehdi', 'C', 'Frosinone'),
(601, 788, 'Freuler Remo', 'C', 'Bologna'),
(602, 6481, 'Payero Martin', 'C', 'Udinese'),
(603, 5637, 'Davis Keinan', 'A', 'Udinese'),
(604, 6438, 'Hatzidiakos Pantelis', 'D', 'Cagliari'),
(605, 4182, 'Klaassen Davy', 'C', 'Inter'),
(606, 5332, 'Bastoni Simone', 'D', 'Empoli'),
(607, 6486, 'Suslov Tomas', 'C', 'Verona'),
(608, 5992, 'Bondo Warren', 'C', 'Monza'),
(609, 537, 'Sansone Nicola', 'A', 'Lecce'),
(610, 302, 'Pereyra Roberto', 'C', 'Udinese'),
(611, 6490, 'Cruz Juan Manuel', 'A', 'Verona'),
(612, 6492, 'Ibrahimovic Arijon', 'C', 'Frosinone'),
(613, 6190, 'Pisilli Niccolò', 'C', 'Roma'),
(614, 6495, 'Comuzzo Pietro', 'D', 'Fiorentina'),
(615, 2446, 'Donati Giulio', 'D', 'Monza'),
(616, 6496, 'Bartesaghi Davide', 'D', 'Milan'),
(617, 26, 'Gomez Alejandro', 'C', 'Monza'),
(618, 1997, 'Simeon Tochukwu Nwankwo', 'A', 'Salernitana'),
(619, 6505, 'Nava Lapo', 'P', 'Milan'),
(620, 6507, 'Nonge Joseph', 'C', 'Juventus'),
(621, 5415, 'Traoré Chaka', 'A', 'Milan'),
(622, 6509, 'Gasperini Tito', 'P', 'Bologna'),
(623, 6519, 'Camarda Francesco', 'A', 'Milan'),
(624, 6521, 'Simic Jan-Carlo', 'D', 'Milan'),
(625, 6523, 'Samooja Jesper', 'P', 'Lecce'),
(626, 6530, 'Ghedjemis Fares', 'A', 'Frosinone'),
(627, 4401, 'Gabbia Matteo', 'D', 'Milan'),
(628, 6531, 'Jimenez Alex', 'D', 'Milan'),
(629, 6532, 'Buchanan Tajon', 'C', 'Inter'),
(630, 6533, 'Giannetti Lautaro', 'D', 'Udinese'),
(631, 6537, 'Goglichidze Saba', 'D', 'Empoli'),
(632, 4376, 'Zurkowski Szymon', 'C', 'Empoli'),
(633, 5982, 'Spence Djed', 'D', 'Genoa'),
(634, 6549, 'Pierotti Santiago', 'A', 'Lecce'),
(635, 2857, 'Traorè Hamed', 'C', 'Napoli'),
(636, 6551, 'Ilic Mihajlo', 'D', 'Bologna'),
(637, 306, 'Cerri Alberto', 'A', 'Empoli'),
(638, 6556, 'Noslin Tijjani', 'A', 'Verona'),
(639, 5533, 'Djalò Tiago', 'D', 'Juventus'),
(640, 6558, 'Tavsan Elayis', 'A', 'Verona'),
(641, 6563, 'Popovic Matija', 'C', 'Monza'),
(642, 6562, 'Dani Silva', 'C', 'Verona'),
(643, 6191, 'Belahyane Reda', 'C', 'Verona'),
(644, 4272, 'Dendoncker Leander', 'C', 'Napoli'),
(645, 4802, 'Vinagre Ruben', 'D', 'Verona'),
(646, 6565, 'Ankeye David', 'A', 'Genoa'),
(647, 6569, 'Stolz Franz', 'P', 'Genoa'),
(648, 4772, 'Angelino', 'D', 'Roma'),
(649, 6572, 'Castro Santiago', 'A', 'Bologna'),
(650, 5862, 'Valeri Emanuele', 'D', 'Frosinone'),
(651, 6574, 'PAsalidi Triantafyllos', 'D', 'Salernitana'),
(652, 382, 'Niang Mbayé', 'A', 'Empoli'),
(653, 6164, 'Vitor Manuel Carvalho Olivera', 'A', 'Genoa'),
(654, 6573, 'Alcaraz Carlos', 'C', 'Juventus'),
(655, 2765, 'Odgaard Jens', 'A', 'Bologna'),
(656, 5515, 'Okereke David', 'A', 'Torino'),
(657, 6582, 'Gomis Iron', 'C', 'Salernitana'),
(658, 6580, 'Swiderski Karol', 'A', 'Verona'),
(659, 6579, 'Mitrovic Stefan', 'C', 'Verona'),
(660, 6576, 'Centonze Fabien', 'D', 'Verona'),
(661, 6583, 'Kabic Uros', 'A', 'Torino'),
(662, 6584, 'Weissman Shon', 'A', 'Salernitana'),
(663, 2405, 'Boateng Jerome', 'D', 'Salernitana'),
(664, 459, 'Manolas Konstantinos', 'D', 'Salernitana'),
(665, 5324, 'Godfrey Ben', 'D', 'Atalanta'),
(666, 6024, 'Sulemana Kakari Ibrahim', 'C', 'Atalanta'),
(667, 5685, 'Koopmeiners Teun', 'C', 'Juventus'),
(668, 2766, 'Zaniolo Nicolò', 'C', 'Fiorentina'),
(669, 5995, 'De Ketelaere Charles', 'A', 'Atalanta'),
(670, 6066, 'Posch Stefan', 'D', 'Atalanta'),
(671, 5678, 'Holm Emil', 'D', 'Bologna'),
(672, 4734, 'Miranda Juan', 'D', 'Bologna'),
(673, 5425, 'Urbanski Kacper', 'C', 'Monza'),
(674, 6459, 'Karlsson Jesper', 'C', 'Lecce'),
(675, 4436, 'Cambiaghi Nicolò', 'A', 'Bologna'),
(676, 6643, 'Dallinga Thijs', 'A', 'Bologna'),
(677, 574, 'Scuffet Simone', 'P', 'Napoli'),
(678, 6650, 'Sherri Alan', 'P', 'Cagliari'),
(679, 393, 'Luperto Sebastiano', 'D', 'Cagliari'),
(680, 6636, 'Veroli Davide', 'D', 'Cagliari'),
(681, 4433, 'Zortea Nadir', 'D', 'Cagliari'),
(682, 6640, 'Felici Mattia', 'C', 'Cagliari'),
(683, 4870, 'Adopo Michel Ndary', 'C', 'Cagliari'),
(684, 4965, 'Marin Razvan', 'C', 'Cagliari'),
(685, 6598, 'Mutandwa Kingstone', 'A', 'Cagliari'),
(686, 4359, 'Piccoli Roberto', 'A', 'Cagliari'),
(687, 761, 'Audero Emil', 'P', 'Como'),
(688, 387, 'Reina Pepe', 'P', 'Como'),
(689, 2809, 'Vigorito Mauro', 'P', 'Como'),
(690, 6230, 'Dossena Alberto', 'D', 'Como'),
(691, 418, 'Goldaniga Edoardo', 'D', 'Como'),
(692, 2602, 'Varane Raphael', 'D', 'Como'),
(693, 134, 'Barba Federico', 'D', 'Como'),
(694, 6654, 'Iovine Alessio', 'D', 'Como'),
(695, 6637, 'Kovacik Peter', 'D', 'Como'),
(696, 5435, 'Moreno Alberto', 'D', 'Como'),
(697, 4386, 'Sala Marco', 'D', 'Lecce'),
(698, 4438, 'Cassandro Tommaso', 'D', 'Como'),
(699, 6162, 'Abildgaard Oliver', 'C', 'Como'),
(700, 556, 'Baselli Daniele', 'C', 'Como'),
(701, 6655, 'Bellemo Alessandro', 'C', 'Como'),
(702, 6656, 'Braunoder Matthias', 'C', 'Como'),
(703, 5725, 'Kone Ben Lhassine', 'C', 'Como'),
(704, 1976, 'Mazzitelli Luca', 'C', 'Como'),
(705, 4486, 'Strefezza Gabriel', 'C', 'Como'),
(706, 5559, 'Da Cunha Lucas', 'C', 'Como'),
(707, 376, 'Verdi Simone', 'C', 'Como'),
(708, 6648, 'Jasim Ali', 'A', 'Como'),
(709, 441, 'Belotti Andrea', 'A', 'Como'),
(710, 2155, 'Cutrone Patrick', 'A', 'Como'),
(711, 6657, 'Gabrielloni Alessandro', 'A', 'Como'),
(712, 6658, 'Gioacchini Nicholas', 'A', 'Como'),
(713, 6651, 'Chiorra Niccolò', 'P', 'Empoli'),
(714, 6125, 'Vasquez Devis', 'P', 'Empoli'),
(715, 5718, 'Viti Mattia', 'D', 'Empoli'),
(716, 4374, 'Walukiewicz Sebastian', 'D', 'Torino'),
(717, 4463, 'Esposito Sebastiano', 'A', 'Empoli'),
(718, 6659, 'Lucchesi Lorenzo', 'D', 'Venezia'),
(719, 5603, 'Pongracic Marin', 'D', 'Fiorentina'),
(720, 252, 'Biraghi Cristiano', 'D', 'Torino'),
(721, 5516, 'Bianco Alessandro', 'C', 'Monza'),
(722, 4658, 'Ikonè Jonathan', 'C', 'Como'),
(723, 2839, 'Sottil Riccardo', 'C', 'Milan'),
(724, 5878, 'Colpani Andrea', 'C', 'Fiorentina'),
(725, 4179, 'Gonzalez Nicolas', 'A', 'Juventus'),
(726, 2762, 'Kouamè Christian', 'A', 'Empoli'),
(727, 2097, 'Kean Moise', 'A', 'Fiorentina'),
(728, 610, 'Gollini Pierluigi', 'P', 'Roma'),
(729, 6660, 'Marcandalli Alessandro', 'D', 'Venezia'),
(730, 6245, 'Vogliacco Alessandro', 'D', 'Parma'),
(731, 5527, 'Zanoli Alessandro', 'D', 'Genoa'),
(732, 5800, 'Gudmundsson Albert', 'A', 'Fiorentina'),
(733, 6228, 'Retegui Mateo', 'A', 'Atalanta'),
(734, 5116, 'Martinez Josep', 'P', 'Inter'),
(735, 152, 'Zielinski Piotr', 'C', 'Inter'),
(736, 6628, 'Taremi Mehdi', 'A', 'Inter'),
(737, 5876, 'Di Gregorio Michele', 'P', 'Juventus'),
(738, 6039, 'Cabal Juan', 'D', 'Juventus'),
(739, 358, 'De Sciglio Mattia', 'D', 'Empoli'),
(740, 4349, 'Nicolussi Caviglia Hans', 'C', 'Venezia'),
(741, 5562, 'Thuram Khephren', 'C', 'Juventus'),
(742, 4911, 'Douglas Luiz', 'C', 'Juventus'),
(743, 4465, 'Fagioli Nicolò', 'C', 'Fiorentina'),
(744, 5813, 'Miretti Fabio', 'C', 'Genoa'),
(745, 6417, 'Furlanetto Alessio', 'P', 'Lazio'),
(746, 5498, 'Casale Nicolò', 'D', 'Bologna'),
(747, 5620, 'Tavares Nuno', 'D', 'Lazio'),
(748, 333, 'Cataldi Danilo', 'C', 'Fiorentina'),
(749, 4377, 'Castrovilli Gaetano', 'C', 'Monza'),
(750, 6629, 'Dele-Bashiru Fisayo', 'C', 'Lazio'),
(751, 5919, 'Tchaouna Loum', 'C', 'Lazio'),
(752, 5500, 'Cancellieri Matteo', 'A', 'Parma'),
(753, 6556, 'Noslin Tijjani', 'A', 'Lazio'),
(754, 2401, 'Fruchtl Christian', 'P', 'Lecce'),
(755, 6523, 'Samooja Jasper', 'P', 'Lecce'),
(756, 6632, 'Gaspar Kialonda', 'D', 'Lecce'),
(757, 6633, 'Pierret Balthazar', 'C', 'Lecce'),
(758, 5873, 'Listkowski Marcin', 'C', 'Lecce'),
(759, 6634, 'Morente Oliva Josè Antonio', 'C', 'Lecce'),
(760, 6645, 'Marchwinski Filip', 'C', 'Lecce'),
(761, 4976, 'Kalulu Pierre', 'D', 'Juventus'),
(762, 357, 'Calabria Davide', 'D', 'Bologna'),
(763, 5875, 'Adli Yacine', 'C', 'Fiorentina'),
(764, 5298, 'Pobega Tommaso', 'C', 'Bologna'),
(765, 6224, 'Reijnders Tijjani', 'C', 'Milan'),
(766, 6524, 'Zeroli Kevin', 'C', 'Monza'),
(767, 4892, 'Saelemaekers Alexis', 'C', 'Roma'),
(768, 6227, 'Okafor Noah', 'A', 'Napoli'),
(769, 4923, 'Colombo Lorenzo', 'A', 'Empoli'),
(770, 313, 'Morata Alvaro', 'A', 'Milan'),
(771, 2178, 'Cragno Alessio', 'P', 'Monza'),
(772, 4904, 'Marì Pablo', 'D', 'Fiorentina'),
(773, 5992, 'Bondo Warren', 'C', 'Milan'),
(774, 6592, 'Forson Omari', 'C', 'Monza'),
(775, 4896, 'Maldini Daniel', 'C', 'Atalanta'),
(776, 5471, 'Djuric Milan', 'A', 'Parma'),
(777, 383, 'Petagna Andrea', 'A', 'Monza'),
(778, 4360, 'Caprile Elia', 'P', 'Cagliari'),
(779, 2724, 'Buongiorno Alessandro', 'D', 'Napoli'),
(780, 6638, 'Marin Rafa', 'D', 'Napoli'),
(781, 1852, 'Spinazzola Leonardo', 'D', 'Napoli'),
(782, 6252, 'Folorunsho Michael', 'C', 'Fiorentina'),
(783, 6439, 'Cheddira Walid', 'A', 'Napoli'),
(784, 6661, 'Chichizola Leandro', 'P', 'Parma'),
(785, 6662, 'Corvi Edoardo', 'P', 'Parma'),
(786, 5338, 'Rinaldi Filippo', 'P', 'Parma'),
(787, 6641, 'Suzuki Zion', 'P', 'Parma'),
(788, 5353, 'Balogh Botond', 'D', 'Parma'),
(789, 6663, 'Circati Alessandro', 'D', 'Parma'),
(790, 5327, 'Osorio Yordan', 'D', 'Parma'),
(791, 5307, 'Valenti Lautaro', 'D', 'Parma'),
(792, 6664, 'Delprato Enrico', 'D', 'Parma'),
(793, 2203, 'Di Chiara Gianluca', 'D', 'Parma'),
(794, 5862, 'Valeri Emanuele', 'D', 'Parma'),
(795, 6665, 'Coulibaly Woyo', 'D', 'Parma'),
(796, 2357, 'Cyprien Wylan', 'C', 'Parma'),
(797, 5290, 'Estevez Nahuel', 'C', 'Parma'),
(798, 4423, 'Hernani', 'C', 'Parma'),
(799, 5319, 'Sohm Simon', 'C', 'Parma'),
(800, 6666, 'Bernabè Adrian', 'C', 'Parma'),
(801, 5421, 'Camara Drissa', 'C', 'Parma'),
(802, 5393, 'Man Dennis', 'C', 'Parma'),
(803, 5322, 'Mihaila Valentin', 'A', 'Parma'),
(804, 6667, 'Benedyczak Adrian', 'A', 'Parma'),
(805, 6668, 'Partipilo Anthony', 'A', 'Parma'),
(806, 6669, 'Bonny Ange-Yoan', 'A', 'Parma'),
(807, 6670, 'Charpentier Gabriel', 'A', 'Parma'),
(808, 5384, 'Ryan Mathew', 'P', 'Roma'),
(809, 4495, 'Kumbulla Marash', 'D', 'Roma'),
(810, 6649, 'Sangarè Buba', 'D', 'Roma'),
(811, 6647, 'Dahl Samuel', 'D', 'Roma'),
(812, 5423, 'Bove Edoardo', 'C', 'Fiorentina'),
(813, 6299, 'Le Fee Enzo', 'C', 'Roma'),
(814, 5422, 'Zalewski Nicola', 'C', 'Inter'),
(815, 5734, 'Soulè Matias', 'A', 'Roma'),
(816, 6603, 'Joao Costa', 'A', 'Roma'),
(817, 2544, 'Abraham Tammy', 'A', 'Milan'),
(818, 5320, 'Paleari Alberto', 'P', 'Torino'),
(819, 6642, 'Coco Saul', 'D', 'Torino'),
(820, 6474, 'Sazonov Saba', 'D', 'Empoli'),
(821, 4994, 'Vojvoda Mergim', 'D', 'Como'),
(822, 4887, 'Bellanova Raoul', 'D', 'Atalanta'),
(823, 6646, 'Adams Che', 'A', 'Torino'),
(824, 2103, 'Pellegri Pietro', 'A', 'Empoli'),
(825, 5119, 'Samardzic Lazar', 'C', 'Atalanta'),
(826, 6653, 'Bravo Iker', 'A', 'Udinese'),
(827, 6635, 'Pizarro Damian', 'A', 'Udinese'),
(828, 5521, 'Bertinato Bruno', 'P', 'Venezia'),
(829, 6671, 'Grandi Matteo', 'P', 'Venezia'),
(830, 4425, 'Joronen Jesse', 'P', 'Venezia'),
(831, 5447, 'Altare Giorgio', 'D', 'Venezia'),
(832, 6672, 'Idzes Jaj', 'D', 'Venezia'),
(833, 5484, 'Svoboda Michael', 'D', 'Venezia'),
(834, 6673, 'Sverko Marin', 'D', 'Venezia'),
(835, 4458, 'Candela Antonio', 'D', 'Venezia'),
(836, 1952, 'Zampano Francesco', 'D', 'Venezia'),
(837, 6674, 'Andersen Magnus Kofod', 'C', 'Venezia'),
(838, 434, 'Jajalo Mato', 'C', 'Venezia'),
(839, 5492, 'Tessmann Tanner', 'C', 'Venezia'),
(840, 5507, 'Busio Gianluca', 'C', 'Venezia'),
(841, 5486, 'Crnigoj Domen', 'C', 'Venezia'),
(842, 526, 'Duncan Alfred', 'C', 'Venezia'),
(843, 6233, 'Lella Nunzio', 'C', 'Venezia'),
(844, 5485, 'Bjarkason Bjarki Steinn', 'C', 'Venezia'),
(845, 6020, 'Ellertsson Mikael Egill', 'C', 'Venezia'),
(846, 6218, 'Oristanio Gaetano', 'C', 'Venezia'),
(847, 1842, 'Pierini Nicholas', 'A', 'Venezia'),
(848, 5881, 'Gytkjaer Christian', 'A', 'Venezia'),
(849, 5079, 'Pohjanpalo Joel', 'A', 'Venezia'),
(850, 6631, 'Ghilardi Daniele', 'D', 'Verona'),
(851, 6284, 'Okou Yllan', 'D', 'Verona'),
(852, 581, 'Faraoni Davide', 'D', 'Verona'),
(853, 6480, 'Tchatchoua Jackson', 'D', 'Verona'),
(854, 6639, 'Frese Martin', 'D', 'Verona'),
(855, 6191, 'Belahyane Reda', 'C', 'Lazio'),
(856, 2117, 'Kastanos Grigoris', 'C', 'Verona'),
(857, 5688, 'Harroui Abdou', 'C', 'Verona'),
(858, 6630, 'Mosquera Daniel', 'A', 'Verona'),
(859, 6644, 'Rocha Livramento Dailon', 'A', 'Verona'),
(860, 5022, 'Pavlovic Strahinja', 'D', 'Milan'),
(861, 6676, 'Engelhardt Yannik', 'C', 'Como'),
(862, 6677, 'Adzic Vasilije', 'C', 'Juventus'),
(863, 6678, 'Liberali Mattia', 'C', 'Milan'),
(864, 5998, 'Zerbin Alessio', 'C', 'Venezia'),
(865, 6679, 'Esteves Goncalo', 'D', 'Udinese'),
(866, 6675, 'Dovbyk Artem', 'A', 'Roma'),
(867, 4982, 'Erlic Martin', 'D', 'Bologna'),
(868, 6680, 'Karlstrom Jesper', 'C', 'Udinese'),
(869, 6681, 'Sagrado Richie', 'D', 'Venezia'),
(870, 6682, 'Pizzignacco Semuel', 'P', 'Monza'),
(871, 6683, 'Doumbia Issa', 'C', 'Venezia'),
(872, 6684, 'Ekkelenkamp Jurgen', 'C', 'Udinese'),
(873, 4351, 'Brancolini Federico', 'P', 'Empoli'),
(874, 1978, 'Sensi Stefano', 'C', 'Monza'),
(875, 5436, 'Raimondo Antonio', 'A', 'Venezia'),
(876, 6801, 'Tengstedt Casper', 'A', 'Verona'),
(877, 2521, 'De Gea David', 'P', 'Fiorentina'),
(878, 6802, 'Savona Nicolò', 'D', 'Juventus'),
(879, 6803, 'Rouhi Jonas', 'D', 'Juventus'),
(880, 2475, 'Sanchez Alexis', 'A', 'Udinese'),
(881, 6806, 'Pelmard Andy', 'D', 'Lecce'),
(882, 6809, 'Marianucci Luca', 'D', 'Empoli'),
(883, 4816, 'Emerson Royal', 'D', 'Milan'),
(884, 6804, 'Richardson Amir', 'C', 'Fiorentina'),
(885, 6248, 'Stankovic Filip', 'P', 'Venezia'),
(886, 6207, 'Almqvist Pontus', 'A', 'Parma'),
(887, 2181, 'Palomino Josè Luis', 'D', 'Cagliari'),
(888, 4929, 'Ciocci Giuseppe', 'P', 'Cagliari'),
(889, 6813, 'Torriani Lorenzo', 'P', 'Milan'),
(890, 5504, 'Coulibaly Lassana', 'C', 'Lecce'),
(891, 6119, 'Solbakken Ola', 'A', 'Empoli'),
(892, 216, 'Donnarumma Antonio', 'P', 'Torino'),
(893, 6814, 'Norton-Cuffy Brooke', 'D', 'Genoa'),
(894, 6815, 'Fadera Alieu', 'C', 'Como'),
(895, 4947, 'Brescianini Marco', 'C', 'Atalanta'),
(896, 2038, 'Pinamonti Andrea', 'A', 'Genoa'),
(897, 5672, 'Dia Boulaye', 'A', 'Lazio'),
(898, 2211, 'Silvestri Marco', 'P', 'Empoli'),
(899, 6250, 'Maric Mirko', 'A', 'Venezia'),
(900, 6818, 'Mazza Andrea', 'P', 'Monza'),
(901, 6819, 'El Haddad Saad', 'C', 'Venezia'),
(902, 6820, 'Sosa Borna', 'D', 'Torino'),
(903, 4686, 'Fofana Youssouf', 'C', 'Milan'),
(904, 6821, 'Hainaut Antoine', 'C', 'Parma'),
(905, 6822, 'Ekhator Jeff', 'A', 'Genoa'),
(906, 6824, 'Marin Renato', 'P', 'Roma'),
(907, 6612, 'Dellavalle Alessandro', 'D', 'Torino'),
(908, 6826, 'Dembelè Ali', 'D', 'Torino'),
(909, 6827, 'Njie Alieu', 'A', 'Torino'),
(910, 5695, 'Haps Ridgeciano', 'D', 'Venezia'),
(911, 306, 'Cerri Alberto', 'A', 'Como'),
(912, 6832, 'Palestra Marco', 'D', 'Atalanta'),
(913, 6833, 'Mbangula Samuel', 'A', 'Juventus'),
(914, 6834, 'Cassa Federico', 'C', 'Atalanta'),
(915, 6015, 'Berisha Medon', 'C', 'Lecce'),
(916, 5311, 'Shomurodov Eldor', 'A', 'Roma'),
(917, 6839, 'Byar Naim', 'C', 'Bologna'),
(918, 6618, 'Cissé Alphadjo', 'C', 'Verona'),
(919, 6831, 'Neres David', 'C', 'Napoli'),
(920, 6426, 'Pedersen Marcus', 'D', 'Torino'),
(921, 4867, 'Turati Stefano', 'P', 'Monza'),
(922, 6842, 'Sava Razvan', 'P', 'Udinese'),
(923, 4284, 'Sergi Roberto', 'D', 'Como'),
(924, 6048, 'Alidou Faride', 'C', 'Verona'),
(925, 6151, 'Perrone Maximo', 'C', 'Como'),
(926, 6872, 'Manzoni Alberto', 'C', 'Atalanta'),
(927, 6875, 'Paz Nico', 'C', 'Como'),
(928, 697, 'Cuadrado Juan', 'D', 'Atalanta'),
(929, 186, 'Rebic Ante', 'A', 'Lecce'),
(930, 6883, 'Jean Gaby', 'D', 'Lecce'),
(931, 6884, 'Conceicao Francisco', 'C', 'Juventus'),
(932, 6112, 'Iling Junior Samuel', 'C', 'Bologna'),
(933, 6885, 'Abdulhamid Saud', 'D', 'Roma'),
(934, 6887, 'Leoni Giovanni', 'D', 'Parma'),
(935, 4270, 'Rui Patricio', 'P', 'Atalanta'),
(936, 6159, 'Sarr Amin', 'A', 'Verona'),
(937, 5626, 'Guilbert Frederic', 'D', 'Lecce'),
(938, 6892, 'Schingtienne Joel', 'D', 'Venezia'),
(939, 6893, 'Kempf Marc Oliver', 'D', 'Como'),
(940, 6895, 'Dominguez Benjamin', 'A', 'Bologna'),
(941, 5578, 'Kossounou Odilon', 'D', 'Atalanta'),
(942, 6889, 'Anjorin Tino', 'C', 'Empoli'),
(943, 2531, 'Lukaku Romelu', 'A', 'Napoli'),
(944, 4665, 'Maripan Guillermo', 'D', 'Torino'),
(945, 6149, 'Carboni Franco', 'D', 'Venezia'),
(946, 6897, 'Kouda Rachid', 'C', 'Parma'),
(947, 6890, 'Moreno Matias', 'D', 'Fiorentina'),
(948, 6891, 'Vos Silvano', 'C', 'Milan'),
(949, 2192, 'Bonifazi Kevin', 'D', 'Lecce'),
(950, 6900, 'Rui Modesto', 'C', 'Udinese'),
(951, 6874, 'Palacios Tomas', 'D', 'Monza'),
(952, 4777, 'McTominay Scott', 'C', 'Napoli'),
(953, 6898, 'Keita Mandela', 'C', 'Parma'),
(954, 5532, 'Bradaric Domagoj', 'D', 'Verona'),
(955, 2160, 'Gosens Robin', 'D', 'Fiorentina'),
(956, 5899, 'Gigot Samuel', 'D', 'Lazio'),
(957, 6903, 'Hasa Luis', 'C', 'Napoli'),
(958, 6904, 'Yeboah John', 'C', 'Venezia'),
(959, 5589, 'Konè Manu Kouadio', 'C', 'Roma'),
(960, 6896, 'Van Der Brempt Ignace', 'D', 'Como'),
(961, 5131, 'Gilmour Billy', 'C', 'Napoli'),
(962, 6908, 'Atta Arthur', 'C', 'Udinese'),
(963, 5554, 'Daniliuc Flavius', 'D', 'Verona'),
(964, 5856, 'Sambia Junior', 'D', 'Empoli'),
(965, 5900, 'Tourè Isaak Souleymane', 'D', 'Udinese'),
(966, 2091, 'Plizzari Alessandro', 'P', 'Venezia'),
(967, 6910, 'Kowalski Mateusz', 'A', 'Parma'),
(968, 4807, 'Hermoso Mario', 'D', 'Roma'),
(969, 2406, 'Hummels Mats', 'D', 'Roma'),
(970, 4285, 'Arthur Melo', 'C', 'Juventus'),
(971, 5674, 'Basic Toma', 'C', 'Lazio'),
(972, 6912, 'Vlahovic Vanja', 'A', 'Atalanta'),
(973, 6913, 'Lambourde Mathis', 'A', 'Verona'),
(974, 6914, 'Haj Mohamed Anas', 'A', 'Parma'),
(975, 6916, 'Ahanor Honest', 'D', 'Genoa'),
(976, 6917, 'Masini Patrizio', 'C', 'Genoa'),
(977, 6919, 'Seghetti Jacopo', 'P', 'Empoli'),
(978, 6920, 'Martins Kevin', 'C', 'Monza'),
(979, 6922, 'Kasa Lior', 'C', 'Genoa'),
(980, 4886, 'Pereiro Gaston', 'C', 'Genoa'),
(981, 696, 'Balotelli Mario', 'A', 'Genoa'),
(982, 6944, 'Jack Fellipe', 'D', 'Como'),
(983, 6956, 'Solet Oumar', 'D', 'Udinese'),
(984, 6957, 'Valentini Nicolas', 'D', 'Verona'),
(985, 6966, 'Butez Jean', 'P', 'Como'),
(986, 6967, 'Diao Assane', 'C', 'Como'),
(987, 6965, 'Lovik Mathias Fjortoft', 'D', 'Parma'),
(988, 6963, 'Condè Cheick', 'C', 'Venezia'),
(989, 6970, 'Selvik Egil', 'P', 'Udinese'),
(990, 797, 'Marcone Richard', 'P', 'Parma'),
(991, 6969, 'Billing Philip', 'C', 'Napoli'),
(992, 5036, 'Caqueret Maxence', 'C', 'Como'),
(993, 6492, 'Ibrahimovic Arijon', 'C', 'Lazio'),
(994, 6975, 'Alberto Costa', 'D', 'Juventus'),
(995, 6977, 'Otoa Sebastian', 'D', 'Genoa'),
(996, 6978, 'Lekovic Stefan', 'D', 'Monza'),
(997, 6980, 'Venturino Lorenzo', 'C', 'Genoa'),
(998, 2553, 'Alli Dele', 'C', 'Como'),
(999, 4677, 'Cornet Maxwel', 'C', 'Genoa'),
(1000, 6985, 'Candè Fali', 'D', 'Venezia'),
(1001, 6984, 'Ondrejka Jacob', 'C', 'Parma'),
(1002, 5951, 'Kolo Muani Randal', 'A', 'Juventus'),
(1003, 6986, 'Rensch Devyne', 'D', 'Roma'),
(1004, 2515, 'Walker Kyle', 'D', 'Milan'),
(1005, 6761, 'Veiga Renato', 'C', 'Juventus'),
(1006, 6991, 'Siegrist Benjamin', 'P', 'Genoa'),
(1007, 6992, 'Oyegoke Daniel', 'D', 'Verona'),
(1008, 6989, 'Tiago Gabriel', 'D', 'Lecce'),
(1009, 6990, 'Veiga Danilo', 'D', 'Lecce'),
(1010, 6993, 'Brorsson Arvid', 'D', 'Monza'),
(1011, 6994, 'Perez Kike', 'C', 'Venezia'),
(1012, 4479, 'Elmas Eljif', 'C', 'Torino'),
(1013, 6538, 'Onana Jean', 'C', 'Genoa'),
(1014, 5540, 'Niasse Cheikh', 'C', 'Verona'),
(1015, 6867, 'Valle Alex', 'D', 'Como'),
(1016, 5888, 'Casadei Cesare', 'C', 'Torino'),
(1017, 7001, 'N\'Dri Konan', 'A', 'Lecce'),
(1018, 7002, 'Ganvoula Silvere', 'A', 'Monza'),
(1019, 7008, 'Gimenez Santiago', 'A', 'Milan'),
(1020, 7014, 'Smolcic Ivan', 'D', 'Como'),
(1021, 7012, 'Provstgaard Oliver', 'D', 'Lazio'),
(1022, 7015, 'Pedrola Estanis', 'A', 'Bologna'),
(1023, 6294, 'Ndour Cher', 'C', 'Fiorentina'),
(1024, 7016, 'Coman Florinel', 'A', 'Cagliari'),
(1025, 1843, 'Radu Ionut', 'P', 'Venezia'),
(1026, 7022, 'Fila Daniel', 'A', 'Venezia'),
(1027, 6766, 'Kelly Lloyd', 'D', 'Juventus'),
(1028, 7023, 'Pellegrino Mateo', 'A', 'Parma'),
(1029, 7018, 'Nelsson Victor', 'D', 'Roma'),
(1030, 7017, 'Douvikas Anastasios', 'A', 'Como'),
(1031, 7011, 'Slotsager Tobias', 'D', 'Verona'),
(1032, 7025, 'Cuenca Hugo', 'C', 'Genoa'),
(1033, 7026, 'Salama Amine', 'A', 'Torino'),
(1034, 7027, 'Azon Ivan', 'A', 'Como'),
(1035, 4811, 'Joao Felix', 'A', 'Milan'),
(1036, 7019, 'Gourna-Douath Lucas', 'C', 'Roma'),
(1037, 7020, 'Salah-Eddine Anass', 'D', 'Roma'),
(1038, 7028, 'Bernede Antoine', 'C', 'Verona'),
(1039, 7031, 'Scott Elijah', 'D', 'Lecce'),
(1040, 345, 'Keita Baldè', 'A', 'Monza'),
(1041, 7042, 'Calligaris Alessandro', 'P', 'Inter'),
(1042, 7045, 'Luan Patrick', 'D', 'Verona'),
(1043, 7048, 'Giorgio De Marzi', 'P', 'Roma'),
(1044, 7052, 'Sergiu Perciun', 'C', 'Torino'),
(1045, 7060, 'Alessio Cacciamani', 'C', 'Torino');

-- --------------------------------------------------------

--
-- Struttura della tabella `immagine`
--

DROP TABLE IF EXISTS `immagine`;
CREATE TABLE IF NOT EXISTS `immagine` (
  `id_immagine` int NOT NULL AUTO_INCREMENT,
  `nome_immagine` varchar(100) NOT NULL,
  `descrizione_immagine` varchar(100) NOT NULL,
  `flag_visibile` varchar(1) NOT NULL,
  PRIMARY KEY (`id_immagine`)
) ENGINE=MyISAM AUTO_INCREMENT=13 DEFAULT CHARSET=utf8mb4 COLLATE=utf8mb4_0900_ai_ci;

--
-- Dump dei dati per la tabella `immagine`
--

INSERT INTO `immagine` (`id_immagine`, `nome_immagine`, `descrizione_immagine`, `flag_visibile`) VALUES
(1, 'Asta_2019.jpg', 'Asta 2019', '1'),
(2, 'Asta_2023.jpg', 'Asta 2023', '1'),
(3, 'Ultimo2024.jpeg', 'Ultimo classificato 2023/2024', '1'),
(4, 'Primo2024.jpeg', 'Primo classificato 2023/2024', '1'),
(5, 'Champions2024.jpeg', 'Vincitore Champions 2023/2024', '1'),
(6, 'Vincitori2024.jpeg', 'Classificati nelle prime tre posizioni 2023/2024', '1'),
(7, 'Asta 2024.jpg', 'Foto post asta 2024 con le nuove divise della lega', '1'),
(8, 'Champions2025.jpg', 'Vincitore Champions 2024/2025', '1'),
(9, 'NBA2025.jpg', 'Vincitore NBA 2024/2025', '1'),
(10, 'Primo2025.jpg', 'Primo classificato 2024/2025', '1'),
(11, 'Ultimo2025.jpg', 'Ultimo classificato 2024/2025', '1'),
(12, 'Vincitori2025.jpg', 'Classificati nelle prime tre posizioni 2024/2025', '1');

-- --------------------------------------------------------

--
-- Struttura della tabella `page_views`
--

DROP TABLE IF EXISTS `page_views`;
CREATE TABLE IF NOT EXISTS `page_views` (
  `id_page_views` int NOT NULL AUTO_INCREMENT,
  `date` date DEFAULT NULL,
  `page_url` varchar(100) DEFAULT NULL,
  `views` int DEFAULT '0',
  PRIMARY KEY (`id_page_views`)
) ENGINE=MyISAM AUTO_INCREMENT=293 DEFAULT CHARSET=utf8mb4 COLLATE=utf8mb4_0900_ai_ci;

--
-- Dump dei dati per la tabella `page_views`
--

INSERT INTO `page_views` (`id_page_views`, `date`, `page_url`, `views`) VALUES
(1, '2024-05-29', '/index.php', 2),
(2, '2024-05-29', '/storia.php', 2),
(3, '2024-05-29', '/fotoGallery.php', 2),
(4, '2024-05-29', '/index.php', 1),
(5, '2024-05-29', '/regolamento.php', 1),
(6, '2024-05-29', '/alboDOro.php', 2),
(7, '2024-05-29', '/dettagliCompetizione.php?id_competizione=17', 1),
(8, '2024-05-29', '/dettagliRose.php?nome_fantasquadra=Ingegneri+del+Goal&anno=2024', 1),
(9, '2024-05-29', '/dettagliCompetizione.php?id_competizione=16', 1),
(10, '2024-05-29', '/contattaci.php?check=true', 1),
(11, '2024-05-30', '/index.php', 1),
(12, '2024-05-30', '/partecipanti.php', 4),
(13, '2024-05-30', '/regolamento.php', 2),
(14, '2024-05-30', '/index.php', 3),
(15, '2024-05-30', '/alboDOro.php', 1),
(16, '2024-05-30', '/dettagliCompetizione.php?id_competizione=17', 1),
(17, '2024-05-30', '/dettagliRose.php?nome_fantasquadra=Fc+Ludopatici&anno=2024', 2),
(18, '2024-05-30', '/fotoGallery.php', 1),
(19, '2024-05-31', '/index.php', 9),
(20, '2024-05-31', '/alboDOro.php', 1),
(21, '2024-05-31', '/dettagliCompetizione.php?id_competizione=17', 1),
(22, '2024-05-31', '/dettagliCompetizione.php?id_competizione=16', 1),
(23, '2024-05-31', '/regolamento.php', 1),
(24, '2024-05-31', '/index.php', 4),
(25, '2024-05-31', '/fotoGallery.php', 4),
(26, '2024-06-02', '/index.php', 2),
(27, '2024-06-03', '/index.php', 1),
(28, '2024-06-03', '/partecipanti.php', 1),
(29, '2024-06-04', '/index.php', 5),
(30, '2024-06-04', '/partecipanti.php', 8),
(31, '2024-06-04', '/alboDOro.php', 9),
(32, '2024-06-04', '/dettagliCompetizione.php?id_competizione=17', 2),
(33, '2024-06-04', '/dettagliCompetizione.php?id_competizione=16', 3),
(34, '2024-06-04', '/dettagliRose.php?nome_fantasquadra=Fc+Ludopatici&anno=2024', 1),
(35, '2024-06-04', '/index.php', 13),
(36, '2024-06-04', '/regolamento.php', 8),
(37, '2024-06-04', '/fotoGallery.php', 3),
(38, '2024-06-04', '/dettagliRose.php?nome_fantasquadra=FC+Pocholoco&anno=2024', 1),
(39, '2024-06-04', '/contattaci.php?check=true', 3),
(40, '2024-06-04', '/storia.php', 3),
(41, '2024-06-04', '/dettagliRose.php?nome_fantasquadra=Napolethanos&anno=2024', 1),
(42, '2024-06-05', '/index.php', 8),
(43, '2024-06-05', '/index.php', 5),
(44, '2024-06-05', '/fotoGallery.php', 2),
(45, '2024-06-05', '/partecipanti.php', 7),
(46, '2024-06-05', '/alboDOro.php', 1),
(47, '2024-06-05', '/dettagliCompetizione.php?id_competizione=17', 1),
(48, '2024-06-05', '/storia.php', 1),
(49, '2024-06-05', '/contattaci.php?check=true', 1),
(50, '2024-06-07', '/index.php', 2),
(51, '2024-06-07', '/partecipanti.php', 2),
(52, '2024-06-07', '/alboDOro.php', 7),
(53, '2024-06-07', '/dettagliCompetizione.php?id_competizione=16', 1),
(54, '2024-06-07', '/index.php', 1),
(55, '2024-06-11', '/index.php', 1),
(56, '2024-06-17', '/index.php', 89),
(57, '2024-06-17', '/storia.php', 1),
(58, '2024-06-17', '/', 6),
(59, '2024-06-17', '/contattaci.php?check=true', 2),
(60, '2024-06-17', '/contattaci.php?check=Messaggio%20inviato%20con%20successo!', 1),
(61, '2024-06-17', '/partecipanti.php', 1),
(62, '2024-06-19', '/', 2),
(63, '2024-06-19', '/fotoGallery.php', 1),
(64, '2024-06-19', '/index.php', 2),
(65, '2024-06-19', '/partecipanti.php', 2),
(66, '2024-06-24', '/', 3),
(67, '2024-06-24', '/fotoGallery.php', 1),
(68, '2024-06-24', '/alboDOro.php', 1),
(69, '2024-06-24', '/dettagliCompetizione.php?id_competizione=17', 1),
(70, '2024-06-24', '/dettagliRose.php?nome_fantasquadra=Ingegneri+del+Goal&anno=2024', 1),
(71, '2024-06-24', '/partecipanti.php', 1),
(72, '2024-06-25', '/', 1),
(73, '2024-07-01', '/', 2),
(74, '2024-07-01', '/index.php', 1),
(75, '2024-07-01', '/fotoGallery.php', 1),
(76, '2024-07-01', '/alboDOro.php', 1),
(77, '2024-07-01', '/dettagliCompetizione.php?id_competizione=17', 1),
(78, '2024-07-01', '/dettagliRose.php?nome_fantasquadra=Ingegneri+del+Goal&anno=2024', 1),
(79, '2024-07-03', '/', 1),
(80, '2024-07-04', '/', 3),
(81, '2024-07-06', '/fotoGallery.php', 2),
(82, '2024-07-06', '/alboDOro.php', 1),
(83, '2024-07-06', '/partecipanti.php', 1),
(84, '2024-07-06', '/', 1),
(85, '2024-07-08', '/', 3),
(86, '2024-07-22', '/', 6),
(87, '2024-07-25', '/regolamento.php', 1),
(88, '2024-07-28', '/', 1),
(89, '2024-07-28', '/alboDOro.php', 1),
(90, '2024-07-28', '/dettagliCompetizione.php?id_competizione=17', 1),
(91, '2024-07-28', '/dettagliRose.php?nome_fantasquadra=FC+Lukand&anno=2024', 1),
(92, '2024-08-19', '/', 1),
(93, '2024-08-19', '/storia.php', 1),
(94, '2024-08-19', '/partecipanti.php', 1),
(95, '2024-08-19', '/fotoGallery.php', 1),
(96, '2024-08-19', '/regolamento.php', 1),
(97, '2024-08-19', '/alboDOro.php', 1),
(98, '2024-08-19', '/dettagliCompetizione.php?id_competizione=17', 1),
(99, '2024-08-19', '/dettagliRose.php?nome_fantasquadra=FC+Lukand&anno=2024', 1),
(100, '2024-08-19', '/dettagliRose.php?nome_fantasquadra=Lambrate+FC&anno=2024', 1),
(101, '2024-08-19', '/dettagliRose.php?nome_fantasquadra=Ingegneri+del+Goal&anno=2024', 2),
(102, '2024-08-19', '/index.php', 1),
(103, '2024-08-21', '/', 2),
(104, '2024-08-28', '/', 1),
(105, '2024-08-28', '/alboDOro.php', 1),
(106, '2024-08-29', '/fotoGallery.php', 1),
(107, '2024-08-29', '/index.php', 1),
(108, '2024-08-29', '/alboDOro.php', 1),
(109, '2024-08-29', '/dettagliCompetizione.php?id_competizione=17', 1),
(110, '2024-08-29', '/dettagliRose.php?nome_fantasquadra=Fc+Ludopatici&anno=2024', 1),
(111, '2024-08-29', '/dettagliRose.php?nome_fantasquadra=FC+Lukand&anno=2024', 1),
(112, '2024-08-31', '/', 2),
(113, '2024-08-31', '/alboDOro.php', 2),
(114, '2024-09-03', '/', 1),
(115, '2024-09-03', '/alboDOro.php', 1),
(116, '2024-09-03', '/dettagliCompetizione.php?id_competizione=17', 1),
(117, '2024-09-03', '/dettagliRose.php?nome_fantasquadra=FC+Volante&anno=2024', 1),
(118, '2024-09-04', '/alboDOro.php', 1),
(119, '2024-09-04', '/dettagliCompetizione.php?id_competizione=17', 1),
(120, '2024-09-04', '/dettagliRose.php?nome_fantasquadra=Ingegneri+del+Goal&anno=2024', 1),
(121, '2024-09-04', '/dettagliRose.php?nome_fantasquadra=FC+Lukand&anno=2024', 1),
(122, '2024-09-04', '/dettagliRose.php?nome_fantasquadra=Fc+Ludopatici&anno=2024', 1),
(123, '2024-09-04', '/', 1),
(124, '2024-09-06', '/', 1),
(125, '2024-09-07', '/', 1),
(126, '2024-09-07', '/alboDOro.php', 2),
(127, '2024-09-07', '/dettagliCompetizione.php?id_competizione=17', 1),
(128, '2024-09-07', '/dettagliRose.php?nome_fantasquadra=Fc+Ludopatici&anno=2024', 1),
(129, '2024-09-08', '/', 3),
(130, '2024-09-08', '/index.php', 1),
(131, '2024-09-08', '/fotoGallery.php', 1),
(132, '2024-09-09', '/alboDOro.php', 3),
(133, '2024-09-09', '/dettagliCompetizione.php?id_competizione=17', 1),
(134, '2024-09-09', '/dettagliRose.php?nome_fantasquadra=Fc+Ludopatici&anno=2024', 1),
(135, '2024-09-09', '/fotoGallery.php', 2),
(136, '2024-09-11', '/', 1),
(137, '2024-09-11', '/alboDOro.php', 1),
(138, '2024-09-11', '/dettagliCompetizione.php?id_competizione=17', 1),
(139, '2024-09-11', '/dettagliRose.php?nome_fantasquadra=Fc+Ludopatici&anno=2024', 1),
(140, '2024-09-12', '/regolamento.php', 1),
(141, '2024-09-17', '/', 2),
(142, '2024-09-17', '/partecipanti.php', 1),
(143, '2024-09-17', '/alboDOro.php', 1),
(144, '2024-09-23', '/regolamento.php', 1),
(145, '2024-10-01', '/', 1),
(146, '2024-10-01', '/alboDOro.php', 1),
(147, '2024-10-01', '/dettagliCompetizione.php?id_competizione=17', 1),
(148, '2024-10-03', '/', 1),
(149, '2024-10-03', '/regolamento.php', 1),
(150, '2024-10-07', '/', 1),
(151, '2024-10-16', '/partecipanti.php', 1),
(152, '2024-11-05', '/index.php', 1),
(153, '2024-11-05', '/', 1),
(154, '2024-11-05', '/alboDOro.php', 1),
(155, '2024-11-05', '/dettagliCompetizione.php?id_competizione=17', 1),
(156, '2024-11-05', '/dettagliRose.php?nome_fantasquadra=Ingegneri+del+Goal&anno=2024', 1),
(157, '2024-11-08', '/', 1),
(158, '2024-11-08', '/alboDOro.php', 2),
(159, '2024-11-08', '/dettagliCompetizione.php?id_competizione=17', 1),
(160, '2024-11-14', '/contattaci.php?check=true', 1),
(161, '2024-11-14', '/alboDOro.php', 1),
(162, '2024-11-19', '/regolamento.php', 1),
(163, '2024-12-20', '/alboDOro.php', 1),
(164, '2024-12-20', '/index.php', 1),
(165, '2024-12-30', '/regolamento.php', 1),
(166, '2025-01-26', '/regolamento.php', 1),
(167, '2025-02-04', '/regolamento.php', 1),
(168, '2025-02-06', '/regolamento.php', 3),
(169, '2025-02-06', '/', 1),
(170, '2025-02-12', '/', 1),
(171, '2025-03-09', '/', 2),
(172, '2025-03-09', '/regolamento.php', 2),
(173, '2025-03-16', '/partecipanti.php', 1),
(174, '2025-03-16', '/alboDOro.php', 1),
(175, '2025-03-16', '/dettagliCompetizione.php?id_competizione=17', 1),
(176, '2025-03-16', '/dettagliRose.php?nome_fantasquadra=Lambrate+FC&anno=2024', 1),
(177, '2025-04-04', '/', 1),
(178, '2025-04-19', '/', 4),
(179, '2025-04-19', '/alboDOro.php', 5),
(180, '2025-04-19', '/regolamento.php', 1),
(181, '2025-04-19', '/dettagliCompetizione.php?id_competizione=16', 2),
(182, '2025-04-19', '/dettagliRose.php?nome_fantasquadra=AntFeud&anno=2024', 1),
(183, '2025-04-19', '/dettagliRose.php?nome_fantasquadra=Ingegneri+del+Goal&anno=2024', 1),
(184, '2025-04-19', '/dettagliRose.php?nome_fantasquadra=Napolethanos&anno=2024', 1),
(185, '2025-04-19', '/dettagliCompetizione.php?id_competizione=17', 1),
(186, '2025-04-20', '/alboDOro.php', 1),
(187, '2025-04-20', '/dettagliCompetizione.php?id_competizione=17', 1),
(188, '2025-04-20', '/dettagliRose.php?nome_fantasquadra=Ingegneri+del+Goal&anno=2024', 1),
(189, '2025-04-20', '/index.php', 4),
(190, '2025-04-20', '/regolamento.php', 3),
(191, '2025-04-20', '/', 2),
(192, '2025-04-20', '/contattaci.php?check=true', 1),
(193, '2025-04-20', '/contattaci.php?check=Messaggio%20inviato%20con%20successo!', 1),
(194, '2025-04-21', '/', 1),
(195, '2025-04-23', '/', 1),
(196, '2025-04-23', '/alboDOro.php', 1),
(197, '2025-04-23', '/dettagliCompetizione.php?id_competizione=17', 1),
(198, '2025-04-23', '/dettagliRose.php?nome_fantasquadra=AntFeud&anno=2024', 1),
(199, '2025-04-25', '/', 1),
(200, '2025-04-25', '/alboDOro.php', 1),
(201, '2025-04-25', '/dettagliCompetizione.php?id_competizione=17', 1),
(202, '2025-04-30', '/', 1),
(203, '2025-05-04', '/', 1),
(204, '2025-05-04', '/regolamento.php', 1),
(205, '2025-05-10', '/alboDOro.php', 1),
(206, '2025-05-10', '/dettagliCompetizione.php?id_competizione=17', 1),
(207, '2025-05-25', '/regolamento.php', 1),
(208, '2025-05-28', '/', 3),
(209, '2025-05-28', '/index.php', 2),
(210, '2025-05-28', '/alboDOro.php', 2),
(211, '2025-05-28', '/dettagliCompetizione.php?id_competizione=19', 2),
(212, '2025-05-28', '/dettagliCompetizione.php?id_competizione=20', 1),
(213, '2025-05-28', '/dettagliCompetizione.php?id_competizione=18', 4),
(214, '2025-05-28', '/regolamento.php', 1),
(215, '2025-05-28', '/fotoGallery.php', 2),
(216, '2025-05-28', '/dettagliRose.php?nome_fantasquadra=Fc+Ludopatici&anno=2025', 1),
(217, '2025-05-28', '/dettagliRose.php?nome_fantasquadra=Ingegneri+del+Goal&anno=2025', 1),
(218, '2025-06-03', '/partecipanti.php', 1),
(219, '2025-06-03', '/storia.php', 1),
(220, '2025-06-03', '/alboDOro.php', 2),
(221, '2025-06-03', '/dettagliCompetizione.php?id_competizione=17', 1),
(222, '2025-06-03', '/dettagliCompetizione.php?id_competizione=19', 2),
(223, '2025-06-03', '/dettagliRose.php?nome_fantasquadra=Lambrate+FC&anno=2025', 1),
(224, '2025-06-03', '/fotoGallery.php', 1),
(225, '2025-06-04', '/fotoGallery.php', 4),
(226, '2025-06-04', '/storia.php', 1),
(227, '2025-06-04', '/regolamento.php', 1),
(228, '2025-06-04', '/partecipanti.php', 5),
(229, '2025-06-04', '/index.php', 4),
(230, '2025-06-04', '/alboDOro.php', 3),
(231, '2025-06-04', '/', 2),
(232, '2025-06-04', '/dettagliCompetizione.php?id_competizione=19', 1),
(233, '2025-06-04', '/dettagliRose.php?nome_fantasquadra=Ingegneri+del+Goal&anno=2025', 1),
(234, '2025-06-04', '/dettagliCompetizione.php?id_competizione=18', 1),
(235, '2025-06-17', '/', 1),
(236, '2025-06-17', '/storia.php', 2),
(237, '2025-06-17', '/index.php', 1),
(238, '2025-06-17', '/partecipanti.php', 2),
(239, '2025-06-17', '/fotoGallery.php', 2),
(240, '2025-06-17', '/regolamento.php', 2),
(241, '2025-06-17', '/alboDOro.php', 1),
(242, '2025-06-17', '/dettagliCompetizione.php?id_competizione=17', 1),
(243, '2025-06-17', '/dettagliCompetizione.php?id_competizione=19', 2),
(244, '2025-06-17', '/dettagliRose.php?nome_fantasquadra=FC+Lukand&anno=2025', 1),
(245, '2025-06-17', '/dettagliCompetizione.php?id_competizione=20', 1),
(246, '2025-06-17', '/dettagliCompetizione.php?id_competizione=18', 1),
(247, '2025-06-19', '/', 1),
(248, '2025-06-19', '/partecipanti.php', 1),
(249, '2025-06-19', '/alboDOro.php', 1),
(250, '2025-06-19', '/dettagliCompetizione.php?id_competizione=19', 1),
(251, '2025-06-19', '/index.php', 2),
(252, '2025-06-19', '/storia.php', 1),
(253, '2025-06-19', '/fotoGallery.php', 1),
(254, '2025-06-27', '/', 1),
(255, '2025-07-01', '/', 1),
(256, '2025-07-14', '/', 1),
(257, '2025-07-14', '/alboDOro.php', 1),
(258, '2025-07-14', '/dettagliCompetizione.php?id_competizione=19', 2),
(259, '2025-07-14', '/dettagliRose.php?nome_fantasquadra=Ingegneri+del+Goal&anno=2025', 1),
(260, '2025-07-14', '/index.php', 1),
(261, '2025-07-14', '/regolamento.php', 1),
(262, '2025-07-22', '/', 1),
(263, '2025-07-22', '/contattaci.php?check=true', 2),
(264, '2025-07-22', '/partecipanti.php', 2),
(265, '2025-07-22', '/storia.php', 1),
(266, '2025-07-22', '/fotoGallery.php', 2),
(267, '2025-07-22', '/regolamento.php', 1),
(268, '2025-07-22', '/alboDOro.php', 1),
(269, '2025-07-22', '/dettagliCompetizione.php?id_competizione=19', 1),
(270, '2025-07-22', '/dettagliRose.php?nome_fantasquadra=FC+Volante&anno=2025', 1),
(271, '2025-07-22', '/index.php', 1),
(272, '2025-07-29', '/partecipanti.php', 1),
(273, '2025-07-29', '/regolamento.php', 6),
(274, '2025-07-29', '/', 3),
(275, '2025-07-29', '/fotoGallery.php', 2),
(276, '2025-07-29', '/storia.php', 1),
(277, '2025-07-29', '/index.php', 6),
(278, '2025-07-30', '/', 2),
(279, '2025-07-30', '/regolamento.php', 2),
(280, '2025-07-30', '/alboDOro.php', 1),
(281, '2025-07-30', '/dettagliCompetizione.php?id_competizione=19', 1),
(282, '2025-07-30', '/dettagliRose.php?nome_fantasquadra=Ingegneri+del+Goal&anno=2025', 1),
(283, '2025-07-31', '/', 2),
(284, '2025-07-31', '/regolamento.php', 2),
(285, '2025-07-31', '/alboDOro.php', 1),
(286, '2025-07-31', '/dettagliCompetizione.php?id_competizione=19', 1),
(287, '2025-07-31', '/dettagliRose.php?nome_fantasquadra=Fc+Ludopatici&anno=2025', 1),
(288, '2025-08-07', '/alboDOro.php', 1),
(289, '2025-08-12', '/', 1),
(290, '2025-08-12', '/alboDOro.php', 1),
(291, '2025-08-12', '/regolamento.php', 1),
(292, '2025-08-12', '/partecipanti.php', 1);

-- --------------------------------------------------------

--
-- Struttura della tabella `parametri_rosa`
--

DROP TABLE IF EXISTS `parametri_rosa`;
CREATE TABLE IF NOT EXISTS `parametri_rosa` (
  `id_parametro` int NOT NULL AUTO_INCREMENT,
  `numero_parametro` int NOT NULL,
  `testo_parametro` text NOT NULL,
  `flag_visibile` varchar(1) NOT NULL,
  PRIMARY KEY (`id_parametro`)
) ENGINE=MyISAM AUTO_INCREMENT=34 DEFAULT CHARSET=utf8mb4 COLLATE=utf8mb4_0900_ai_ci;

--
-- Dump dei dati per la tabella `parametri_rosa`
--

INSERT INTO `parametri_rosa` (`id_parametro`, `numero_parametro`, `testo_parametro`, `flag_visibile`) VALUES
(1, 1, 'La rosa deve avere almeno 2 Under 23 (al 1° Luglio)', '1'),
(2, 2, 'La rosa deve avere almeno 2 Over 32 (al 1° Luglio)', '1'),
(3, 3, 'La rosa deve avere 1 giocatore alla sua prima stagione in Serie A', '1'),
(4, 4, 'La rosa deve avere 1 giocatore con più di 200 presenze in Serie A dal 2015/2016', '1'),
(5, 5, 'La rosa deve avere almeno 2 sudamericani', '1'),
(6, 6, 'La rosa deve avere almeno 1 africano', '1'),
(7, 7, 'La rosa deve avere almeno 3 europei non italiani', '1'),
(8, 8, 'La rosa deve avere almeno 2 giocatori di squadre neopromosse', '1'),
(9, 9, 'La rosa deve avere almeno 2 giocatori provenienti da squadre che l’anno scorso sono arrivate nella parte centrale‑bassa della classifica (10°‑17°)', '1'),
(10, 10, 'La rosa deve avere almeno 1 portiere di una squadra che ha subito almeno 50 gol lo scorso campionato', '1'),
(11, 11, 'La rosa deve avere almeno 1 difensore con almeno 1 gol nell’ultima stagione', '1'),
(12, 12, 'La rosa deve avere almeno 1 centrocampista con almeno 3 assist nell’ultima stagione', '1'),
(13, 13, 'La rosa deve avere almeno 1 attaccante con massimo 5 gol nell’ultima stagione', '1'),
(14, 14, 'La rosa deve avere almeno 2 giocatori con media voto base inferiore a 6 nella scorsa stagione', '1'),
(15, 15, 'La rosa deve avere almeno 2 giocatori con quotazione ≤ 6', '1'),
(16, 16, 'La rosa deve avere almeno 1 giocatore con quotazione pari o inferiore a 3', '1'),
(17, 17, 'La rosa non può avere più di 2 giocatori con 10+ gol nella scorsa stagione', '1'),
(18, 18, 'La rosa deve avere almeno 1 giocatore tornato in Serie A dopo un’esperienza in un altro campionato (dal 15/16)', '1'),
(19, 19, 'La rosa deve avere almeno 1 giocatore con almeno 5 partite senza voto (S.V.) nell’ultima stagione', '1'),
(20, 20, 'La rosa deve avere almeno 1 giocatore con più di 7 ammonizioni l’anno scorso', '1'),
(21, 21, 'La rosa deve avere almeno 1 giocatore che han cambiato squadra rispetto alla stagione precedente restando sempre in Serie A', '1'),
(22, 22, 'La rosa deve avere almeno 1 giocatore che ha almeno 1 autogol nell\'ultima stagione', '1'),
(23, 23, 'La rosa deve avere almeno 1 giocatore che nell\'ultima stagione ha almeno 34 presenze', '1'),
(24, 24, 'La rosa deve avere almeno 1 giocatore che ha sbagliato un rigore nell\'ultima stagione', '1'),
(25, 25, 'La rosa deve avere almeno 1 giocatore senza ammonizioni né espulsioni nella scorsa stagione con almeno 6 presenze', '1'),
(26, 26, 'La rosa deve avere almeno 1 giocatore presente nel listone delle ultime 3 stagioni', '1'),
(27, 27, 'La rosa deve avere almeno 2 giocatori con più di 5 tra gol fatti e assist', '1'),
(28, 28, 'La rosa deve avere almeno 1 giocatore con rapporto cartellini/presenze superiore o uguale a 0.25 nell\'ultima stagione', '1'),
(29, 29, 'La rosa non può avere più di 2 rigoristi designati (fonte fantacalcio.it)', '1'),
(30, 30, 'La rosa deve avere almeno 1 giocatore che ha cambiato ruolo ufficiale nel listone rispetto alla scorsa stagione', '1'),
(31, 31, 'La rosa deve avere almeno 1 giocatore con 0 presenze in Serie A dal 2015/2016.', '1'),
(32, 32, 'La rosa deve avere massimo 3 giocatori dello stesso club', '1'),
(33, 33, 'ciao sono la prova', '1');

-- --------------------------------------------------------

--
-- Struttura della tabella `parametri_utilizzati`
--

DROP TABLE IF EXISTS `parametri_utilizzati`;
CREATE TABLE IF NOT EXISTS `parametri_utilizzati` (
  `id_rosa` int NOT NULL,
  `id_parametro` int NOT NULL,
  PRIMARY KEY (`id_rosa`,`id_parametro`),
  KEY `id_rosa` (`id_rosa`),
  KEY `id_parametro` (`id_parametro`)
) ENGINE=MyISAM DEFAULT CHARSET=utf8mb4 COLLATE=utf8mb4_0900_ai_ci;

-- --------------------------------------------------------

--
-- Struttura della tabella `partita_avvessario`
--

DROP TABLE IF EXISTS `partita_avvessario`;
CREATE TABLE IF NOT EXISTS `partita_avvessario` (
  `id_partita` int NOT NULL AUTO_INCREMENT,
  `id_competizione_disputata` int NOT NULL,
  `nome_fantasquadra_casa` varchar(100) NOT NULL,
  `nome_fantasquadra_trasferta` varchar(100) NOT NULL,
  `gol_casa` int NOT NULL,
  `gol_trasferta` int NOT NULL,
  `punteggio_casa` float NOT NULL,
  `punteggio_trasferta` float NOT NULL,
  `giornata` int NOT NULL,
  `tipologia` varchar(100) NOT NULL,
  `girone` varchar(100) DEFAULT NULL,
  PRIMARY KEY (`id_partita`),
  KEY `tipologia` (`tipologia`),
  KEY `nome_fantasquadra_casa` (`nome_fantasquadra_casa`),
  KEY `nome_fantasquadra_trasferta` (`nome_fantasquadra_trasferta`),
  KEY `id_competizione_disputata` (`id_competizione_disputata`),
  KEY `idx_partita_avvessario_casa_trasferta` (`nome_fantasquadra_casa`,`nome_fantasquadra_trasferta`),
  KEY `idx_partita_competizione` (`id_competizione_disputata`),
  KEY `idx_partita_competizione_punteggi` (`id_competizione_disputata`,`punteggio_casa`,`punteggio_trasferta`)
) ENGINE=MyISAM AUTO_INCREMENT=408 DEFAULT CHARSET=utf8mb4 COLLATE=utf8mb4_0900_ai_ci;

--
-- Dump dei dati per la tabella `partita_avvessario`
--

INSERT INTO `partita_avvessario` (`id_partita`, `id_competizione_disputata`, `nome_fantasquadra_casa`, `nome_fantasquadra_trasferta`, `gol_casa`, `gol_trasferta`, `punteggio_casa`, `punteggio_trasferta`, `giornata`, `tipologia`, `girone`) VALUES
(1, 16, 'FC Pocholoco', 'Ingegneri del Goal', 2, 0, 71.5, 64, 1, 'Fase a Gironi', 'A'),
(2, 16, 'AntFeud', 'FC Pocholoco', 2, 2, 73.5, 71.5, 2, 'Fase a Gironi', 'A'),
(3, 16, 'Napolethanos', 'AntFeud', 1, 1, 69, 66.5, 1, 'Fase a Gironi', 'A'),
(4, 16, 'Ingegneri del Goal', 'Napolethanos', 4, 2, 79, 70, 2, 'Fase a Gironi', 'A'),
(5, 16, 'Fc Ludopatici', 'Lambrate FC', 0, 3, 64, 74.5, 1, 'Fase a Gironi', 'B'),
(6, 16, 'FC Lukand', 'Fc Ludopatici', 4, 2, 78, 71.5, 2, 'Fase a Gironi', 'B'),
(7, 16, 'FC Volante', 'FC Lukand', 5, 3, 82, 75, 1, 'Fase a Gironi', 'B'),
(8, 16, 'Lambrate FC', 'FC Volante', 4, 1, 79.5, 66, 2, 'Fase a Gironi', 'B'),
(9, 16, 'AntFeud', 'Ingegneri del Goal', 2, 4, 70, 79, 3, 'Fase a Gironi', 'A'),
(10, 16, 'Ingegneri del Goal', 'FC Pocholoco', 4, 4, 80.5, 78.5, 4, 'Fase a Gironi', 'A'),
(11, 16, 'Napolethanos', 'FC Pocholoco', 1, 0, 67.5, 65.5, 3, 'Fase a Gironi', 'A'),
(12, 16, 'AntFeud', 'Napolethanos', 1, 3, 69, 74, 4, 'Fase a Gironi', 'A'),
(13, 16, 'FC Lukand', 'Lambrate FC', 2, 3, 73.5, 75, 3, 'Fase a Gironi', 'B'),
(14, 16, 'Lambrate FC', 'Fc Ludopatici', 4, 2, 79, 73, 4, 'Fase a Gironi', 'B'),
(15, 16, 'FC Volante', 'Fc Ludopatici', 1, 1, 67.5, 66, 3, 'Fase a Gironi', 'B'),
(16, 16, 'FC Lukand', 'FC Volante', 1, 5, 69.5, 83, 4, 'Fase a Gironi', 'B'),
(17, 16, 'FC Pocholoco', 'AntFeud', 3, 1, 76.5, 68.5, 5, 'Fase a Gironi', 'A'),
(18, 16, 'Ingegneri del Goal', 'AntFeud', 1, 3, 68, 75.5, 6, 'Fase a Gironi', 'A'),
(19, 16, 'Napolethanos', 'Ingegneri del Goal', 4, 3, 78.5, 75, 5, 'Fase a Gironi', 'A'),
(20, 16, 'FC Pocholoco', 'Napolethanos', 6, 4, 88.5, 80, 6, 'Fase a Gironi', 'A'),
(21, 16, 'Fc Ludopatici', 'FC Lukand', 3, 4, 75.5, 79, 5, 'Fase a Gironi', 'B'),
(22, 16, 'Lambrate FC', 'FC Lukand', 5, 5, 83, 85, 6, 'Fase a Gironi', 'B'),
(23, 16, 'FC Volante', 'Lambrate FC', 3, 0, 74.5, 64, 5, 'Fase a Gironi', 'B'),
(24, 16, 'Fc Ludopatici', 'FC Volante', 4, 0, 81.5, 65, 6, 'Fase a Gironi', 'B'),
(25, 16, 'FC Volante', 'FC Pocholoco', 0, 3, 63, 74, 7, 'Semifinali', NULL),
(26, 16, 'FC Pocholoco', 'FC Volante', 0, 1, 65.5, 68.5, 8, 'Semifinali', NULL),
(27, 16, 'Napolethanos', 'Lambrate FC', 5, 1, 84.5, 66.5, 7, 'Semifinali', NULL),
(28, 16, 'Lambrate FC', 'Napolethanos', 1, 3, 68, 75, 8, 'Semifinali', NULL),
(29, 16, 'FC Pocholoco', 'Napolethanos', 4, 2, 78.5, 73, 9, 'Finale', NULL),
(30, 17, 'Lambrate FC', 'Ingegneri del Goal', 0, 7, 64.5, 91.5, 1, 'Calendario', NULL),
(31, 17, 'Ingegneri del Goal', 'FC Volante', 0, 5, 64, 82, 2, 'Calendario', NULL),
(32, 17, 'Fc Ludopatici', 'AntFeud', 3, 3, 75.5, 77.5, 1, 'Calendario', NULL),
(33, 17, 'Napolethanos', 'FC Lukand', 1, 3, 69, 75, 2, 'Calendario', NULL),
(34, 17, 'FC Lukand', 'FC Pocholoco', 4, 3, 81, 75.5, 1, 'Calendario', NULL),
(35, 17, 'FC Pocholoco', 'Fc Ludopatici', 2, 0, 71.5, 64, 2, 'Calendario', NULL),
(36, 17, 'FC Volante', 'Napolethanos', 5, 0, 84, 64.5, 1, 'Calendario', NULL),
(37, 17, 'AntFeud', 'Lambrate FC', 1, 3, 66.5, 74.5, 2, 'Calendario', NULL),
(38, 17, 'Fc Ludopatici', 'Napolethanos', 0, 4, 65, 79, 3, 'Calendario', NULL),
(39, 17, 'Lambrate FC', 'FC Lukand', 5, 3, 85.5, 75.5, 4, 'Calendario', NULL),
(40, 17, 'FC Lukand', 'Ingegneri del Goal', 2, 1, 72.5, 68.5, 3, 'Calendario', NULL),
(41, 17, 'Ingegneri del Goal', 'Fc Ludopatici', 5, 6, 85.5, 89.5, 4, 'Calendario', NULL),
(42, 17, 'FC Volante', 'Lambrate FC', 1, 5, 69, 84, 3, 'Calendario', NULL),
(43, 17, 'Napolethanos', 'FC Pocholoco', 1, 1, 67, 67.5, 4, 'Calendario', NULL),
(44, 17, 'FC Pocholoco', 'AntFeud', 1, 2, 68, 73, 3, 'Calendario', NULL),
(45, 17, 'AntFeud', 'FC Volante', 1, 3, 69, 77, 4, 'Calendario', NULL),
(46, 17, 'Fc Ludopatici', 'Lambrate FC', 2, 4, 71.5, 79.5, 5, 'Calendario', NULL),
(47, 17, 'Lambrate FC', 'FC Pocholoco', 1, 2, 69, 72.5, 6, 'Calendario', NULL),
(48, 17, 'FC Lukand', 'FC Volante', 4, 1, 78, 66, 5, 'Calendario', NULL),
(49, 17, 'Ingegneri del Goal', 'Napolethanos', 1, 3, 69, 75.5, 6, 'Calendario', NULL),
(50, 17, 'Napolethanos', 'AntFeud', 2, 2, 70, 73.5, 5, 'Calendario', NULL),
(51, 17, 'FC Lukand', 'AntFeud', 4, 3, 79.5, 75, 6, 'Calendario', NULL),
(52, 17, 'FC Pocholoco', 'Ingegneri del Goal', 2, 4, 71.5, 79, 5, 'Calendario', NULL),
(53, 17, 'FC Volante', 'Fc Ludopatici', 4, 3, 81, 77, 6, 'Calendario', NULL),
(54, 17, 'Fc Ludopatici', 'FC Lukand', 1, 3, 69, 76.5, 7, 'Calendario', NULL),
(55, 17, 'FC Lukand', 'Lambrate FC', 2, 3, 73.5, 75, 8, 'Calendario', NULL),
(56, 17, 'Napolethanos', 'Lambrate FC', 4, 0, 79, 63, 7, 'Calendario', NULL),
(57, 17, 'Napolethanos', 'Fc Ludopatici', 1, 1, 67.5, 66, 8, 'Calendario', NULL),
(58, 17, 'FC Pocholoco', 'FC Volante', 1, 2, 66.5, 73, 7, 'Calendario', NULL),
(59, 17, 'FC Volante', 'Ingegneri del Goal', 1, 4, 67.5, 79, 8, 'Calendario', NULL),
(60, 17, 'AntFeud', 'Ingegneri del Goal', 4, 3, 81, 76.5, 7, 'Calendario', NULL),
(61, 17, 'AntFeud', 'FC Pocholoco', 2, 0, 70, 65.5, 8, 'Calendario', NULL),
(62, 17, 'Lambrate FC', 'Napolethanos', 0, 3, 65, 76.5, 9, 'Calendario', NULL),
(63, 17, 'FC Lukand', 'Fc Ludopatici', 2, 2, 71.5, 73.5, 10, 'Calendario', NULL),
(64, 17, 'Ingegneri del Goal', 'AntFeud', 2, 1, 72, 69.5, 9, 'Calendario', NULL),
(65, 17, 'FC Volante', 'FC Pocholoco', 2, 3, 71.5, 77, 10, 'Calendario', NULL),
(66, 17, 'Fc Ludopatici', 'FC Volante', 1, 1, 68.5, 68, 9, 'Calendario', NULL),
(67, 17, 'AntFeud', 'Napolethanos', 3, 3, 74, 75, 10, 'Calendario', NULL),
(68, 17, 'FC Pocholoco', 'FC Lukand', 3, 0, 76.5, 64, 9, 'Calendario', NULL),
(69, 17, 'Ingegneri del Goal', 'Lambrate FC', 3, 5, 76.5, 82.5, 10, 'Calendario', NULL),
(70, 17, 'FC Volante', 'FC Lukand', 5, 1, 83, 69.5, 11, 'Calendario', NULL),
(71, 17, 'Ingegneri del Goal', 'FC Lukand', 2, 3, 72.5, 75, 12, 'Calendario', NULL),
(72, 17, 'Fc Ludopatici', 'FC Pocholoco', 2, 4, 73, 78.5, 11, 'Calendario', NULL),
(73, 17, 'Lambrate FC', 'FC Volante', 2, 2, 72, 73.5, 12, 'Calendario', NULL),
(74, 17, 'Napolethanos', 'Ingegneri del Goal', 3, 4, 74, 80.5, 11, 'Calendario', NULL),
(75, 17, 'FC Pocholoco', 'Napolethanos', 1, 3, 69, 76.5, 12, 'Calendario', NULL),
(76, 17, 'Lambrate FC', 'AntFeud', 4, 1, 79, 69, 11, 'Calendario', NULL),
(77, 17, 'AntFeud', 'Fc Ludopatici', 1, 3, 66, 76, 12, 'Calendario', NULL),
(78, 17, 'Fc Ludopatici', 'Ingegneri del Goal', 1, 4, 68, 78.5, 13, 'Calendario', NULL),
(79, 17, 'Lambrate FC', 'Fc Ludopatici', 0, 3, 64, 75.5, 14, 'Calendario', NULL),
(80, 17, 'FC Lukand', 'Napolethanos', 2, 3, 70.5, 75, 13, 'Calendario', NULL),
(81, 17, 'Ingegneri del Goal', 'FC Pocholoco', 3, 3, 75, 76.5, 14, 'Calendario', NULL),
(82, 17, 'FC Volante', 'AntFeud', 4, 3, 79.5, 77, 13, 'Calendario', NULL),
(83, 17, 'Napolethanos', 'FC Volante', 4, 3, 78.5, 74.5, 14, 'Calendario', NULL),
(84, 17, 'FC Pocholoco', 'Lambrate FC', 2, 4, 71, 81, 13, 'Calendario', NULL),
(85, 17, 'AntFeud', 'FC Lukand', 1, 4, 68.5, 79, 14, 'Calendario', NULL),
(86, 17, 'FC Lukand', 'AntFeud', 0, 5, 64, 82, 15, 'Calendario', NULL),
(87, 17, 'AntFeud', 'FC Volante', 0, 1, 58, 66, 16, 'Calendario', NULL),
(88, 17, 'FC Pocholoco', 'Fc Ludopatici', 2, 0, 73, 62, 15, 'Calendario', NULL),
(89, 17, 'Napolethanos', 'Lambrate FC', 2, 2, 71, 70, 16, 'Calendario', NULL),
(90, 17, 'Lambrate FC', 'Ingegneri del Goal', 1, 4, 67.5, 80, 15, 'Calendario', NULL),
(91, 17, 'Ingegneri del Goal', 'FC Pocholoco', 3, 0, 74.5, 63.5, 16, 'Calendario', NULL),
(92, 17, 'FC Volante', 'Napolethanos', 1, 0, 66.5, 59, 15, 'Calendario', NULL),
(93, 17, 'Fc Ludopatici', 'FC Lukand', 5, 4, 84.5, 80, 16, 'Calendario', NULL),
(94, 17, 'FC Pocholoco', 'Napolethanos', 6, 4, 88.5, 80, 17, 'Calendario', NULL),
(95, 17, 'FC Lukand', 'Lambrate FC', 2, 2, 72, 72, 18, 'Calendario', NULL),
(96, 17, 'Lambrate FC', 'AntFeud', 5, 3, 83, 75.5, 17, 'Calendario', NULL),
(97, 17, 'AntFeud', 'FC Pocholoco', 4, 5, 79, 85.5, 18, 'Calendario', NULL),
(98, 17, 'FC Volante', 'FC Lukand', 0, 5, 65, 85, 17, 'Calendario', NULL),
(99, 17, 'Napolethanos', 'Ingegneri del Goal', 4, 4, 81, 81.5, 18, 'Calendario', NULL),
(100, 17, 'Ingegneri del Goal', 'Fc Ludopatici', 1, 4, 68, 81.5, 17, 'Calendario', NULL),
(101, 17, 'Fc Ludopatici', 'FC Volante', 2, 2, 70, 70.5, 18, 'Calendario', NULL),
(102, 17, 'FC Pocholoco', 'FC Lukand', 2, 1, 71.5, 67.5, 19, 'Calendario', NULL),
(103, 17, 'FC Lukand', 'Ingegneri del Goal', 2, 3, 73, 77, 20, 'Calendario', NULL),
(104, 17, 'Lambrate FC', 'FC Volante', 3, 2, 77.5, 73.5, 19, 'Calendario', NULL),
(105, 17, 'AntFeud', 'Napolethanos', 0, 5, 65, 84.5, 20, 'Calendario', NULL),
(106, 17, 'Napolethanos', 'Fc Ludopatici', 0, 2, 62.5, 72.5, 19, 'Calendario', NULL),
(107, 17, 'Lambrate FC', 'Fc Ludopatici', 1, 3, 66.5, 75, 20, 'Calendario', NULL),
(108, 17, 'Ingegneri del Goal', 'AntFeud', 4, 3, 81, 77, 19, 'Calendario', NULL),
(109, 17, 'FC Volante', 'FC Pocholoco', 0, 3, 63, 74, 20, 'Calendario', NULL),
(110, 17, 'FC Pocholoco', 'Lambrate FC', 1, 6, 66, 87.5, 21, 'Calendario', NULL),
(111, 17, 'Lambrate FC', 'FC Lukand', 0, 4, 65, 80.5, 22, 'Calendario', NULL),
(112, 17, 'Napolethanos', 'FC Lukand', 2, 7, 70.5, 90.5, 21, 'Calendario', NULL),
(113, 17, 'Napolethanos', 'FC Pocholoco', 3, 3, 77.5, 74, 22, 'Calendario', NULL),
(114, 17, 'Ingegneri del Goal', 'FC Volante', 0, 3, 60.5, 75, 21, 'Calendario', NULL),
(115, 17, 'FC Volante', 'AntFeud', 2, 1, 73.5, 66.5, 22, 'Calendario', NULL),
(116, 17, 'Fc Ludopatici', 'AntFeud', 2, 2, 73.5, 70, 21, 'Calendario', NULL),
(117, 17, 'Fc Ludopatici', 'Ingegneri del Goal', 4, 5, 81, 85, 22, 'Calendario', NULL),
(118, 17, 'FC Lukand', 'Napolethanos', 5, 1, 82, 68.5, 23, 'Calendario', NULL),
(119, 17, 'Lambrate FC', 'FC Pocholoco', 1, 0, 68, 65.5, 24, 'Calendario', NULL),
(120, 17, 'AntFeud', 'Fc Ludopatici', 2, 5, 73.5, 82, 23, 'Calendario', NULL),
(121, 17, 'FC Volante', 'Ingegneri del Goal', 1, 2, 68.5, 73, 24, 'Calendario', NULL),
(122, 17, 'FC Pocholoco', 'FC Volante', 6, 2, 86, 72.5, 23, 'Calendario', NULL),
(123, 17, 'Fc Ludopatici', 'Napolethanos', 1, 3, 68, 75, 24, 'Calendario', NULL),
(124, 17, 'Ingegneri del Goal', 'Lambrate FC', 5, 0, 83.5, 61, 23, 'Calendario', NULL),
(125, 17, 'AntFeud', 'FC Lukand', 0, 3, 54.5, 75, 24, 'Calendario', NULL),
(126, 17, 'FC Volante', 'Lambrate FC', 0, 2, 63, 73.5, 25, 'Calendario', NULL),
(127, 17, 'AntFeud', 'Lambrate FC', 4, 1, 78.5, 66, 26, 'Calendario', NULL),
(128, 17, 'FC Pocholoco', 'Ingegneri del Goal', 2, 2, 73.5, 71, 25, 'Calendario', NULL),
(129, 17, 'FC Lukand', 'FC Volante', 2, 2, 71.5, 70.5, 26, 'Calendario', NULL),
(130, 17, 'Napolethanos', 'AntFeud', 4, 2, 81, 73, 25, 'Calendario', NULL),
(131, 17, 'Ingegneri del Goal', 'Napolethanos', 2, 0, 71, 59.5, 26, 'Calendario', NULL),
(132, 17, 'FC Lukand', 'Fc Ludopatici', 3, 2, 74, 73, 25, 'Calendario', NULL),
(133, 17, 'Fc Ludopatici', 'FC Pocholoco', 4, 0, 80.5, 65, 26, 'Calendario', NULL),
(134, 17, 'FC Pocholoco', 'AntFeud', 2, 1, 73.5, 67.5, 27, 'Calendario', NULL),
(135, 17, 'FC Lukand', 'FC Pocholoco', 0, 4, 63.5, 78.5, 28, 'Calendario', NULL),
(136, 17, 'Lambrate FC', 'Napolethanos', 3, 0, 74, 56.5, 27, 'Calendario', NULL),
(137, 17, 'AntFeud', 'Ingegneri del Goal', 5, 3, 82.5, 77, 28, 'Calendario', NULL),
(138, 17, 'FC Volante', 'Fc Ludopatici', 2, 3, 70, 74.5, 27, 'Calendario', NULL),
(139, 17, 'Napolethanos', 'FC Volante', 2, 5, 73, 84.5, 28, 'Calendario', NULL),
(140, 17, 'Ingegneri del Goal', 'FC Lukand', 3, 2, 75.5, 71, 27, 'Calendario', NULL),
(141, 17, 'Fc Ludopatici', 'Lambrate FC', 0, 5, 61.5, 83.5, 28, 'Calendario', NULL),
(142, 17, 'Lambrate FC', 'Ingegneri del Goal', 0, 3, 65, 75, 29, 'Calendario', NULL),
(143, 17, 'Ingegneri del Goal', 'FC Volante', 0, 2, 63, 70, 30, 'Calendario', NULL),
(144, 17, 'Napolethanos', 'FC Pocholoco', 0, 0, 61.5, 64.5, 29, 'Calendario', NULL),
(145, 17, 'AntFeud', 'FC Lukand', 2, 4, 72.5, 80.5, 30, 'Calendario', NULL),
(146, 17, 'FC Lukand', 'Fc Ludopatici', 3, 1, 76, 67.5, 29, 'Calendario', NULL),
(147, 17, 'Fc Ludopatici', 'Napolethanos', 0, 1, 61, 66, 30, 'Calendario', NULL),
(148, 17, 'FC Volante', 'AntFeud', 3, 2, 74.5, 71.5, 29, 'Calendario', NULL),
(149, 17, 'FC Pocholoco', 'Lambrate FC', 1, 1, 66, 68.5, 30, 'Calendario', NULL),
(150, 17, 'Napolethanos', 'AntFeud', 1, 2, 69, 73.5, 31, 'Calendario', NULL),
(151, 17, 'Lambrate FC', 'FC Lukand', 1, 3, 68, 77, 32, 'Calendario', NULL),
(152, 17, 'FC Lukand', 'Ingegneri del Goal', 1, 4, 68.5, 80, 31, 'Calendario', NULL),
(153, 17, 'Ingegneri del Goal', 'Napolethanos', 4, 2, 81, 71.5, 32, 'Calendario', NULL),
(154, 17, 'FC Volante', 'Lambrate FC', 3, 6, 77.5, 87.5, 31, 'Calendario', NULL),
(155, 17, 'AntFeud', 'Fc Ludopatici', 3, 0, 76, 61, 32, 'Calendario', NULL),
(156, 17, 'Fc Ludopatici', 'FC Pocholoco', 1, 4, 68.5, 78, 31, 'Calendario', NULL),
(157, 17, 'FC Pocholoco', 'FC Volante', 1, 0, 66, 61.5, 32, 'Calendario', NULL),
(158, 17, 'Napolethanos', 'Lambrate FC', 0, 5, 63.5, 82.5, 33, 'Calendario', NULL),
(159, 17, 'Lambrate FC', 'Fc Ludopatici', 1, 3, 69.5, 75.5, 34, 'Calendario', NULL),
(160, 17, 'FC Lukand', 'FC Volante', 5, 1, 83.5, 68.5, 33, 'Calendario', NULL),
(161, 17, 'Ingegneri del Goal', 'AntFeud', 0, 2, 64, 71, 34, 'Calendario', NULL),
(162, 17, 'AntFeud', 'FC Pocholoco', 2, 1, 71, 69, 33, 'Calendario', NULL),
(163, 17, 'FC Lukand', 'FC Pocholoco', 6, 2, 86, 70.5, 34, 'Calendario', NULL),
(164, 17, 'Fc Ludopatici', 'Ingegneri del Goal', 2, 4, 72.5, 80.5, 33, 'Calendario', NULL),
(165, 17, 'FC Volante', 'Napolethanos', 3, 2, 74.5, 72, 34, 'Calendario', NULL),
(166, 17, 'Napolethanos', 'FC Lukand', 2, 1, 71, 66, 35, 'Calendario', NULL),
(167, 17, 'AntFeud', 'Lambrate FC', 3, 2, 76.5, 70.5, 35, 'Calendario', NULL),
(168, 17, 'Fc Ludopatici', 'FC Volante', 3, 2, 75, 70.5, 35, 'Calendario', NULL),
(169, 17, 'FC Pocholoco', 'Ingegneri del Goal', 2, 1, 71.5, 67, 35, 'Calendario', NULL),
(170, 18, 'FC Volante', 'FC Lukand', 1, 1, 69, 69, 1, 'Calendario', NULL),
(171, 18, 'FC Lukand', 'Lambrate FC', 5, 6, 83.5, 87, 2, 'Calendario', NULL),
(172, 18, 'FC Pocholoco', 'Napolethanos', 2, 2, 71.5, 71, 1, 'Calendario', NULL),
(173, 18, 'AntFeud', 'Ingegneri del Goal', 1, 6, 68, 87.5, 2, 'Calendario', NULL),
(174, 18, 'Ingegneri del Goal', 'Fc Ludopatici', 3, 2, 75.5, 71.5, 1, 'Calendario', NULL),
(175, 18, 'Fc Ludopatici', 'FC Pocholoco', 2, 3, 71, 75.5, 2, 'Calendario', NULL),
(176, 18, 'Lambrate FC', 'AntFeud', 2, 2, 70.5, 71, 1, 'Calendario', NULL),
(177, 18, 'Napolethanos', 'FC Volante', 3, 2, 77, 72.5, 2, 'Calendario', NULL),
(178, 18, 'FC Pocholoco', 'AntFeud', 5, 3, 85, 77, 3, 'Calendario', NULL),
(179, 18, 'FC Volante', 'Ingegneri del Goal', 3, 1, 75, 68, 4, 'Calendario', NULL),
(180, 18, 'Ingegneri del Goal', 'FC Lukand', 3, 2, 74, 72.5, 3, 'Calendario', NULL),
(181, 18, 'FC Lukand', 'FC Pocholoco', 4, 2, 80.5, 73, 4, 'Calendario', NULL),
(182, 18, 'Lambrate FC', 'FC Volante', 0, 0, 65, 63.5, 3, 'Calendario', NULL),
(183, 18, 'AntFeud', 'Fc Ludopatici', 3, 0, 76.5, 65, 4, 'Calendario', NULL),
(184, 18, 'Fc Ludopatici', 'Napolethanos', 4, 0, 78.5, 62.5, 3, 'Calendario', NULL),
(185, 18, 'Napolethanos', 'Lambrate FC', 4, 4, 80, 79.5, 4, 'Calendario', NULL),
(186, 18, 'FC Pocholoco', 'FC Volante', 1, 1, 69.5, 69.5, 5, 'Calendario', NULL),
(187, 18, 'FC Volante', 'Fc Ludopatici', 1, 2, 68.5, 72, 6, 'Calendario', NULL),
(188, 18, 'Ingegneri del Goal', 'Lambrate FC', 3, 0, 74.5, 61, 5, 'Calendario', NULL),
(189, 18, 'FC Lukand', 'AntFeud', 1, 1, 69.5, 67, 6, 'Calendario', NULL),
(190, 18, 'AntFeud', 'Napolethanos', 1, 4, 69, 78.5, 5, 'Calendario', NULL),
(191, 18, 'Ingegneri del Goal', 'Napolethanos', 4, 4, 78.5, 78.5, 6, 'Calendario', NULL),
(192, 18, 'Fc Ludopatici', 'FC Lukand', 3, 7, 76.5, 93.5, 5, 'Calendario', NULL),
(193, 18, 'Lambrate FC', 'FC Pocholoco', 4, 2, 79.5, 71.5, 6, 'Calendario', NULL),
(194, 18, 'FC Pocholoco', 'Ingegneri del Goal', 3, 2, 74.5, 70, 7, 'Calendario', NULL),
(195, 18, 'Ingegneri del Goal', 'FC Volante', 2, 2, 73, 72, 8, 'Calendario', NULL),
(196, 18, 'AntFeud', 'FC Volante', 2, 0, 72.5, 65.5, 7, 'Calendario', NULL),
(197, 18, 'AntFeud', 'FC Pocholoco', 1, 0, 66.5, 62, 8, 'Calendario', NULL),
(198, 18, 'Fc Ludopatici', 'Lambrate FC', 3, 3, 74.5, 75, 7, 'Calendario', NULL),
(199, 18, 'Lambrate FC', 'FC Lukand', 3, 2, 75, 72.5, 8, 'Calendario', NULL),
(200, 18, 'Napolethanos', 'FC Lukand', 2, 3, 70, 76.5, 7, 'Calendario', NULL),
(201, 18, 'Napolethanos', 'Fc Ludopatici', 6, 1, 88, 68.5, 8, 'Calendario', NULL),
(202, 18, 'FC Volante', 'AntFeud', 2, 1, 70, 66.5, 9, 'Calendario', NULL),
(203, 18, 'Ingegneri del Goal', 'FC Pocholoco', 1, 0, 69, 57.5, 10, 'Calendario', NULL),
(204, 18, 'FC Lukand', 'Napolethanos', 3, 1, 77, 69.5, 9, 'Calendario', NULL),
(205, 18, 'Lambrate FC', 'Fc Ludopatici', 3, 3, 75.5, 77, 10, 'Calendario', NULL),
(206, 18, 'FC Pocholoco', 'Lambrate FC', 2, 0, 72, 64, 9, 'Calendario', NULL),
(207, 18, 'Napolethanos', 'AntFeud', 1, 0, 66, 63.5, 10, 'Calendario', NULL),
(208, 18, 'Fc Ludopatici', 'Ingegneri del Goal', 6, 3, 86, 77.5, 9, 'Calendario', NULL),
(209, 18, 'FC Lukand', 'FC Volante', 3, 2, 76.5, 73, 10, 'Calendario', NULL),
(210, 18, 'Lambrate FC', 'Ingegneri del Goal', 2, 4, 70.5, 79, 11, 'Calendario', NULL),
(211, 18, 'FC Lukand', 'Ingegneri del Goal', 3, 5, 76.5, 82, 12, 'Calendario', NULL),
(212, 18, 'FC Pocholoco', 'Fc Ludopatici', 1, 3, 66.5, 75, 11, 'Calendario', NULL),
(213, 18, 'FC Volante', 'Lambrate FC', 5, 2, 85.5, 70, 12, 'Calendario', NULL),
(214, 18, 'AntFeud', 'FC Lukand', 3, 3, 74, 74.5, 11, 'Calendario', NULL),
(215, 18, 'Fc Ludopatici', 'AntFeud', 4, 2, 78.5, 70.5, 12, 'Calendario', NULL),
(216, 18, 'FC Volante', 'Napolethanos', 3, 3, 76.5, 75, 11, 'Calendario', NULL),
(217, 18, 'Napolethanos', 'FC Pocholoco', 1, 1, 69.5, 67.5, 12, 'Calendario', NULL),
(218, 18, 'FC Pocholoco', 'FC Lukand', 0, 2, 65.5, 72.5, 13, 'Calendario', NULL),
(219, 18, 'FC Volante', 'FC Pocholoco', 0, 5, 65.5, 84, 14, 'Calendario', NULL),
(220, 18, 'Ingegneri del Goal', 'AntFeud', 2, 3, 72, 74, 13, 'Calendario', NULL),
(221, 18, 'FC Lukand', 'Fc Ludopatici', 0, 4, 63, 78.5, 14, 'Calendario', NULL),
(222, 18, 'Lambrate FC', 'Napolethanos', 3, 5, 77, 84.5, 13, 'Calendario', NULL),
(223, 18, 'AntFeud', 'Lambrate FC', 2, 3, 71, 74, 14, 'Calendario', NULL),
(224, 18, 'Fc Ludopatici', 'FC Volante', 1, 1, 69.5, 69, 13, 'Calendario', NULL),
(225, 18, 'Napolethanos', 'Ingegneri del Goal', 3, 4, 74, 81, 14, 'Calendario', NULL),
(226, 18, 'Ingegneri del Goal', 'AntFeud', 0, 3, 65.5, 77, 15, 'Quarti', NULL),
(227, 18, 'AntFeud', 'Ingegneri del Goal', 4, 3, 79, 74, 16, 'Quarti', NULL),
(228, 18, 'Napolethanos', 'FC Pocholoco', 2, 2, 70.5, 73.5, 15, 'Quarti', NULL),
(229, 18, 'FC Pocholoco', 'Napolethanos', 2, 3, 70.5, 74.5, 16, 'Quarti', NULL),
(230, 18, 'FC Lukand', 'FC Volante', 2, 1, 72.5, 68, 15, 'Quarti', NULL),
(231, 18, 'FC Volante', 'FC Lukand', 4, 2, 80.5, 71, 16, 'Quarti', NULL),
(232, 18, 'Fc Ludopatici', 'Lambrate FC', 3, 2, 75.5, 72.5, 15, 'Quarti', NULL),
(233, 18, 'Lambrate FC', 'Fc Ludopatici', 1, 1, 69, 68, 16, 'Quarti', NULL),
(234, 18, 'AntFeud', 'Napolethanos', 0, 2, 65, 71.5, 17, 'Semifinali', NULL),
(235, 18, 'Napolethanos', 'AntFeud', 3, 5, 75, 85.5, 18, 'Semifinali', NULL),
(236, 18, 'FC Volante', 'Fc Ludopatici', 3, 2, 77, 72, 17, 'Semifinali', NULL),
(237, 18, 'Fc Ludopatici', 'FC Volante', 0, 5, 64, 85, 18, 'Semifinali', NULL),
(238, 18, 'AntFeud', 'FC Volante', 3, 0, 76.5, 65, 19, 'Finale', NULL),
(239, 19, 'Ingegneri del Goal', 'FC Volante', 4, 3, 81, 74.5, 1, 'Calendario', NULL),
(240, 19, 'FC Volante', 'FC Lukand', 1, 1, 69, 69, 2, 'Calendario', NULL),
(241, 19, 'Fc Ludopatici', 'Napolethanos', 4, 3, 81.5, 76.5, 1, 'Calendario', NULL),
(242, 19, 'AntFeud', 'FC Pocholoco', 2, 2, 71, 71.5, 2, 'Calendario', NULL),
(243, 19, 'FC Pocholoco', 'Lambrate FC', 3, 4, 75, 80, 1, 'Calendario', NULL),
(244, 19, 'Lambrate FC', 'Fc Ludopatici', 2, 2, 70.5, 71.5, 2, 'Calendario', NULL),
(245, 19, 'FC Lukand', 'AntFeud', 5, 4, 84.5, 79, 1, 'Calendario', NULL),
(246, 19, 'Napolethanos', 'Ingegneri del Goal', 2, 3, 71, 75.5, 2, 'Calendario', NULL),
(247, 19, 'Fc Ludopatici', 'AntFeud', 2, 1, 71, 68, 3, 'Calendario', NULL),
(248, 19, 'Ingegneri del Goal', 'FC Pocholoco', 1, 7, 69.5, 90, 4, 'Calendario', NULL),
(249, 19, 'FC Pocholoco', 'FC Volante', 3, 2, 75.5, 72.5, 3, 'Calendario', NULL),
(250, 19, 'FC Volante', 'Fc Ludopatici', 3, 0, 77, 65.5, 4, 'Calendario', NULL),
(251, 19, 'FC Lukand', 'Ingegneri del Goal', 5, 6, 83.5, 87.5, 3, 'Calendario', NULL),
(252, 19, 'AntFeud', 'Lambrate FC', 4, 5, 78, 82, 4, 'Calendario', NULL),
(253, 19, 'Lambrate FC', 'Napolethanos', 6, 3, 87, 77, 3, 'Calendario', NULL),
(254, 19, 'Napolethanos', 'FC Lukand', 2, 1, 73, 68, 4, 'Calendario', NULL),
(255, 19, 'Fc Ludopatici', 'Ingegneri del Goal', 4, 3, 78.5, 74, 5, 'Calendario', NULL),
(256, 19, 'Ingegneri del Goal', 'Lambrate FC', 1, 4, 68, 79.5, 6, 'Calendario', NULL),
(257, 19, 'FC Pocholoco', 'FC Lukand', 5, 2, 85, 72.5, 5, 'Calendario', NULL),
(258, 19, 'FC Volante', 'AntFeud', 3, 3, 75, 76.5, 6, 'Calendario', NULL),
(259, 19, 'AntFeud', 'Napolethanos', 3, 0, 77, 62.5, 5, 'Calendario', NULL),
(260, 19, 'FC Pocholoco', 'Napolethanos', 2, 4, 73, 80, 6, 'Calendario', NULL),
(261, 19, 'Lambrate FC', 'FC Volante', 0, 0, 65, 63.5, 5, 'Calendario', NULL),
(262, 19, 'FC Lukand', 'Fc Ludopatici', 4, 0, 80.5, 65, 6, 'Calendario', NULL),
(263, 19, 'Fc Ludopatici', 'FC Pocholoco', 5, 3, 82, 77, 7, 'Calendario', NULL),
(264, 19, 'Ingegneri del Goal', 'FC Lukand', 3, 7, 74.5, 93.5, 8, 'Calendario', NULL),
(265, 19, 'AntFeud', 'Ingegneri del Goal', 2, 2, 73.5, 72, 7, 'Calendario', NULL),
(266, 19, 'FC Volante', 'FC Pocholoco', 1, 1, 69.5, 69.5, 8, 'Calendario', NULL),
(267, 19, 'Lambrate FC', 'FC Lukand', 2, 5, 71.5, 82.5, 7, 'Calendario', NULL),
(268, 19, 'Lambrate FC', 'AntFeud', 0, 1, 61, 69, 8, 'Calendario', NULL),
(269, 19, 'Napolethanos', 'FC Volante', 1, 4, 67, 79.5, 7, 'Calendario', NULL),
(270, 19, 'Napolethanos', 'Fc Ludopatici', 4, 3, 78.5, 76.5, 8, 'Calendario', NULL),
(271, 19, 'Fc Ludopatici', 'Lambrate FC', 2, 4, 72, 79.5, 9, 'Calendario', NULL),
(272, 19, 'Ingegneri del Goal', 'AntFeud', 2, 1, 70.5, 68, 10, 'Calendario', NULL),
(273, 19, 'FC Pocholoco', 'Ingegneri del Goal', 2, 4, 71.5, 78.5, 9, 'Calendario', NULL),
(274, 19, 'FC Volante', 'Lambrate FC', 5, 3, 82, 74.5, 10, 'Calendario', NULL),
(275, 19, 'AntFeud', 'FC Volante', 1, 1, 67, 68.5, 9, 'Calendario', NULL),
(276, 19, 'Fc Ludopatici', 'FC Lukand', 2, 3, 71.5, 75, 10, 'Calendario', NULL),
(277, 19, 'FC Lukand', 'Napolethanos', 1, 4, 69.5, 78.5, 9, 'Calendario', NULL),
(278, 19, 'Napolethanos', 'FC Pocholoco', 2, 5, 73.5, 83.5, 10, 'Calendario', NULL),
(279, 19, 'Lambrate FC', 'Ingegneri del Goal', 3, 2, 75, 70, 11, 'Calendario', NULL),
(280, 19, 'Ingegneri del Goal', 'Fc Ludopatici', 2, 1, 73, 68.5, 12, 'Calendario', NULL),
(281, 19, 'AntFeud', 'Fc Ludopatici', 2, 3, 72.5, 74.5, 11, 'Calendario', NULL),
(282, 19, 'FC Lukand', 'FC Volante', 2, 2, 72.5, 72, 12, 'Calendario', NULL),
(283, 19, 'FC Volante', 'Napolethanos', 0, 2, 65.5, 70, 11, 'Calendario', NULL),
(284, 19, 'FC Pocholoco', 'AntFeud', 0, 1, 62, 66.5, 12, 'Calendario', NULL),
(285, 19, 'FC Lukand', 'FC Pocholoco', 3, 3, 76.5, 74.5, 11, 'Calendario', NULL),
(286, 19, 'Napolethanos', 'Lambrate FC', 6, 3, 88, 75, 12, 'Calendario', NULL),
(287, 19, 'Ingegneri del Goal', 'Napolethanos', 4, 2, 80.5, 71.5, 13, 'Calendario', NULL),
(288, 19, 'FC Volante', 'Ingegneri del Goal', 2, 3, 70, 77.5, 14, 'Calendario', NULL),
(289, 19, 'Fc Ludopatici', 'FC Volante', 2, 6, 71.5, 86, 13, 'Calendario', NULL),
(290, 19, 'FC Pocholoco', 'Fc Ludopatici', 2, 6, 72, 86, 14, 'Calendario', NULL),
(291, 19, 'AntFeud', 'FC Lukand', 2, 2, 72.5, 73, 13, 'Calendario', NULL),
(292, 19, 'FC Lukand', 'Lambrate FC', 3, 0, 77, 64, 14, 'Calendario', NULL),
(293, 19, 'Lambrate FC', 'FC Pocholoco', 2, 1, 70, 67, 13, 'Calendario', NULL),
(294, 19, 'Napolethanos', 'AntFeud', 1, 1, 69.5, 66.5, 14, 'Calendario', NULL),
(295, 19, 'Lambrate FC', 'Napolethanos', 3, 1, 75.5, 66, 15, 'Calendario', NULL),
(296, 19, 'Napolethanos', 'Fc Ludopatici', 0, 2, 60.5, 72.5, 16, 'Calendario', NULL),
(297, 19, 'FC Lukand', 'FC Volante', 3, 2, 76.5, 73, 15, 'Calendario', NULL),
(298, 19, 'FC Pocholoco', 'Ingegneri del Goal', 4, 0, 80, 65.5, 16, 'Calendario', NULL),
(299, 19, 'Ingegneri del Goal', 'AntFeud', 1, 0, 69, 63.5, 15, 'Calendario', NULL),
(300, 19, 'AntFeud', 'FC Lukand', 3, 4, 76, 78, 16, 'Calendario', NULL),
(301, 19, 'Fc Ludopatici', 'FC Pocholoco', 3, 0, 77, 57.5, 15, 'Calendario', NULL),
(302, 19, 'FC Volante', 'Lambrate FC', 2, 1, 72, 68, 16, 'Calendario', NULL),
(303, 19, 'FC Lukand', 'FC Pocholoco', 3, 1, 74.5, 66.5, 17, 'Calendario', NULL),
(304, 19, 'Lambrate FC', 'Ingegneri del Goal', 2, 5, 70, 82, 18, 'Calendario', NULL),
(305, 19, 'Ingegneri del Goal', 'Napolethanos', 4, 3, 79, 75, 17, 'Calendario', NULL),
(306, 19, 'Napolethanos', 'FC Lukand', 1, 3, 69.5, 76.5, 18, 'Calendario', NULL),
(307, 19, 'Fc Ludopatici', 'Lambrate FC', 3, 2, 75, 70.5, 17, 'Calendario', NULL),
(308, 19, 'FC Pocholoco', 'AntFeud', 1, 2, 67.5, 70.5, 18, 'Calendario', NULL),
(309, 19, 'AntFeud', 'FC Volante', 3, 3, 74, 76.5, 17, 'Calendario', NULL),
(310, 19, 'FC Volante', 'Fc Ludopatici', 5, 4, 85.5, 78.5, 18, 'Calendario', NULL),
(311, 19, 'FC Lukand', 'Lambrate FC', 1, 2, 68.5, 71.5, 19, 'Calendario', NULL),
(312, 19, 'Lambrate FC', 'AntFeud', 3, 3, 77, 74, 20, 'Calendario', NULL),
(313, 19, 'Ingegneri del Goal', 'Fc Ludopatici', 3, 2, 76, 71.5, 19, 'Calendario', NULL),
(314, 19, 'Napolethanos', 'FC Pocholoco', 5, 0, 84.5, 65.5, 20, 'Calendario', NULL),
(315, 19, 'FC Pocholoco', 'FC Volante', 3, 5, 76.5, 83.5, 19, 'Calendario', NULL),
(316, 19, 'Ingegneri del Goal', 'FC Volante', 2, 1, 72, 69, 20, 'Calendario', NULL),
(317, 19, 'AntFeud', 'Napolethanos', 3, 3, 75, 75, 19, 'Calendario', NULL),
(318, 19, 'Fc Ludopatici', 'FC Lukand', 1, 2, 69.5, 72.5, 20, 'Calendario', NULL),
(319, 19, 'FC Lukand', 'Ingegneri del Goal', 0, 4, 63, 81, 21, 'Calendario', NULL),
(320, 19, 'Lambrate FC', 'Fc Ludopatici', 1, 3, 69.5, 75, 22, 'Calendario', NULL),
(321, 19, 'FC Pocholoco', 'Lambrate FC', 5, 3, 84, 74, 21, 'Calendario', NULL),
(322, 19, 'Napolethanos', 'Ingegneri del Goal', 3, 3, 77, 75.5, 22, 'Calendario', NULL),
(323, 19, 'AntFeud', 'Fc Ludopatici', 2, 4, 71, 78.5, 21, 'Calendario', NULL),
(324, 19, 'AntFeud', 'FC Pocholoco', 2, 3, 71.5, 77, 22, 'Calendario', NULL),
(325, 19, 'FC Volante', 'Napolethanos', 0, 3, 65.5, 74, 21, 'Calendario', NULL),
(326, 19, 'FC Volante', 'FC Lukand', 0, 3, 64, 74.5, 22, 'Calendario', NULL),
(327, 19, 'FC Lukand', 'AntFeud', 2, 3, 72.5, 77, 23, 'Calendario', NULL),
(328, 19, 'Lambrate FC', 'FC Pocholoco', 4, 0, 80, 64, 24, 'Calendario', NULL),
(329, 19, 'Ingegneri del Goal', 'Lambrate FC', 0, 2, 65.5, 72.5, 23, 'Calendario', NULL),
(330, 19, 'Napolethanos', 'AntFeud', 3, 3, 76, 74.5, 24, 'Calendario', NULL),
(331, 19, 'FC Pocholoco', 'Napolethanos', 2, 2, 73.5, 70.5, 23, 'Calendario', NULL),
(332, 19, 'FC Lukand', 'Fc Ludopatici', 5, 2, 85, 71, 24, 'Calendario', NULL),
(333, 19, 'Fc Ludopatici', 'FC Volante', 3, 1, 75.5, 68, 23, 'Calendario', NULL),
(334, 19, 'FC Volante', 'Ingegneri del Goal', 0, 2, 64, 71, 24, 'Calendario', NULL),
(335, 19, 'AntFeud', 'Lambrate FC', 4, 1, 79, 69, 25, 'Calendario', NULL),
(336, 19, 'Lambrate FC', 'FC Lukand', 1, 5, 69.5, 83.5, 26, 'Calendario', NULL),
(337, 19, 'FC Pocholoco', 'FC Lukand', 2, 2, 70.5, 71, 25, 'Calendario', NULL),
(338, 19, 'Fc Ludopatici', 'Napolethanos', 1, 2, 68.5, 71, 26, 'Calendario', NULL),
(339, 19, 'Napolethanos', 'FC Volante', 3, 4, 74.5, 80.5, 25, 'Calendario', NULL),
(340, 19, 'Ingegneri del Goal', 'FC Pocholoco', 1, 4, 69, 79, 26, 'Calendario', NULL),
(341, 19, 'Fc Ludopatici', 'Ingegneri del Goal', 1, 3, 68, 74, 25, 'Calendario', NULL),
(342, 19, 'FC Volante', 'AntFeud', 0, 3, 63, 75.5, 26, 'Calendario', NULL),
(343, 19, 'Lambrate FC', 'FC Volante', 0, 3, 65.5, 77, 27, 'Calendario', NULL),
(344, 19, 'Napolethanos', 'Lambrate FC', 3, 1, 74, 68, 28, 'Calendario', NULL),
(345, 19, 'FC Lukand', 'Napolethanos', 2, 2, 72, 71.5, 27, 'Calendario', NULL),
(346, 19, 'Ingegneri del Goal', 'FC Lukand', 2, 1, 72, 66.5, 28, 'Calendario', NULL),
(347, 19, 'FC Pocholoco', 'Fc Ludopatici', 2, 2, 70.5, 72, 27, 'Calendario', NULL),
(348, 19, 'Fc Ludopatici', 'AntFeud', 3, 1, 74, 67, 28, 'Calendario', NULL),
(349, 19, 'AntFeud', 'Ingegneri del Goal', 0, 1, 65, 69.5, 27, 'Calendario', NULL),
(350, 19, 'FC Volante', 'FC Pocholoco', 1, 2, 68.5, 72, 28, 'Calendario', NULL),
(351, 19, 'AntFeud', 'FC Volante', 5, 5, 85.5, 85, 29, 'Calendario', NULL),
(352, 19, 'FC Volante', 'FC Pocholoco', 1, 1, 67.5, 69, 30, 'Calendario', NULL),
(353, 19, 'Lambrate FC', 'Napolethanos', 3, 3, 74.5, 75, 29, 'Calendario', NULL),
(354, 19, 'Ingegneri del Goal', 'FC Lukand', 0, 4, 65, 80, 30, 'Calendario', NULL),
(355, 19, 'FC Lukand', 'Fc Ludopatici', 6, 0, 86.5, 64, 29, 'Calendario', NULL),
(356, 19, 'Fc Ludopatici', 'Lambrate FC', 4, 0, 80, 64, 30, 'Calendario', NULL),
(357, 19, 'FC Pocholoco', 'Ingegneri del Goal', 3, 2, 74, 73, 29, 'Calendario', NULL),
(358, 19, 'Napolethanos', 'AntFeud', 2, 5, 71, 82.5, 30, 'Calendario', NULL),
(359, 19, 'Lambrate FC', 'Ingegneri del Goal', 3, 4, 75, 78, 31, 'Calendario', NULL),
(360, 19, 'AntFeud', 'FC Lukand', 2, 2, 73, 73.5, 32, 'Calendario', NULL),
(361, 19, 'FC Lukand', 'FC Volante', 4, 0, 80, 65, 31, 'Calendario', NULL),
(362, 19, 'FC Volante', 'Lambrate FC', 2, 2, 70, 73, 32, 'Calendario', NULL),
(363, 19, 'FC Pocholoco', 'AntFeud', 4, 3, 81, 76.5, 31, 'Calendario', NULL),
(364, 19, 'Ingegneri del Goal', 'Fc Ludopatici', 0, 4, 61, 78, 32, 'Calendario', NULL),
(365, 19, 'Fc Ludopatici', 'Napolethanos', 1, 0, 67, 63.5, 31, 'Calendario', NULL),
(366, 19, 'Napolethanos', 'FC Pocholoco', 1, 2, 68.5, 72.5, 32, 'Calendario', NULL),
(367, 19, 'Lambrate FC', 'AntFeud', 0, 0, 64.5, 62, 33, 'Calendario', NULL),
(368, 19, 'AntFeud', 'Fc Ludopatici', 2, 4, 70, 78, 34, 'Calendario', NULL),
(369, 19, 'FC Lukand', 'FC Pocholoco', 4, 0, 81, 63.5, 33, 'Calendario', NULL),
(370, 19, 'FC Volante', 'Ingegneri del Goal', 2, 2, 72.5, 71, 34, 'Calendario', NULL),
(371, 19, 'Ingegneri del Goal', 'Napolethanos', 4, 3, 81.5, 75, 33, 'Calendario', NULL),
(372, 19, 'FC Lukand', 'Napolethanos', 0, 1, 62, 67, 34, 'Calendario', NULL),
(373, 19, 'Fc Ludopatici', 'FC Volante', 3, 2, 75, 71, 33, 'Calendario', NULL),
(374, 19, 'FC Pocholoco', 'Lambrate FC', 6, 1, 87, 69, 34, 'Calendario', NULL),
(375, 19, 'Lambrate FC', 'FC Lukand', 2, 3, 72.5, 74, 35, 'Calendario', NULL),
(376, 19, 'Ingegneri del Goal', 'AntFeud', 6, 4, 89, 80.5, 35, 'Calendario', NULL),
(377, 19, 'Fc Ludopatici', 'FC Pocholoco', 0, 1, 61.5, 66, 35, 'Calendario', NULL),
(378, 19, 'Napolethanos', 'FC Volante', 3, 2, 75, 72, 35, 'Calendario', NULL),
(379, 20, 'Ingegneri del Goal', 'AntFeud', 3, 2, 75.5, 71.5, 1, 'Fase a Gironi', 'A'),
(380, 20, 'FC Pocholoco', 'Ingegneri del Goal', 2, 0, 73.5, 65.5, 2, 'Fase a Gironi', 'A'),
(381, 20, 'Fc Ludopatici', 'FC Pocholoco', 3, 3, 75, 77, 1, 'Fase a Gironi', 'A'),
(382, 20, 'AntFeud', 'Fc Ludopatici', 3, 3, 77, 75.5, 2, 'Fase a Gironi', 'A'),
(383, 20, 'Napolethanos', 'Lambrate FC', 3, 1, 77, 69.5, 1, 'Fase a Gironi', 'B'),
(384, 20, 'FC Volante', 'Napolethanos', 1, 2, 68, 70.5, 2, 'Fase a Gironi', 'B'),
(385, 20, 'FC Lukand', 'FC Volante', 3, 0, 74.5, 64, 1, 'Fase a Gironi', 'B'),
(386, 20, 'Lambrate FC', 'FC Lukand', 2, 2, 72.5, 72.5, 2, 'Fase a Gironi', 'B'),
(387, 20, 'FC Pocholoco', 'AntFeud', 0, 3, 64, 74.5, 3, 'Fase a Gironi', 'A'),
(388, 20, 'AntFeud', 'Ingegneri del Goal', 3, 1, 75.5, 69, 4, 'Fase a Gironi', 'A'),
(389, 20, 'Fc Ludopatici', 'Ingegneri del Goal', 2, 2, 71, 71, 3, 'Fase a Gironi', 'A'),
(390, 20, 'FC Pocholoco', 'Fc Ludopatici', 4, 1, 79, 68.5, 4, 'Fase a Gironi', 'A'),
(391, 20, 'FC Volante', 'Lambrate FC', 0, 4, 64, 80, 3, 'Fase a Gironi', 'B'),
(392, 20, 'Lambrate FC', 'Napolethanos', 1, 2, 69.5, 71, 4, 'Fase a Gironi', 'B'),
(393, 20, 'FC Lukand', 'Napolethanos', 5, 3, 85, 76, 3, 'Fase a Gironi', 'B'),
(394, 20, 'FC Volante', 'FC Lukand', 0, 5, 63, 83.5, 4, 'Fase a Gironi', 'B'),
(395, 20, 'Ingegneri del Goal', 'FC Pocholoco', 1, 2, 69.5, 70.5, 5, 'Fase a Gironi', 'A'),
(396, 20, 'AntFeud', 'FC Pocholoco', 1, 2, 67, 72, 6, 'Fase a Gironi', 'A'),
(397, 20, 'Fc Ludopatici', 'AntFeud', 2, 0, 72, 65, 5, 'Fase a Gironi', 'A'),
(398, 20, 'Ingegneri del Goal', 'Fc Ludopatici', 2, 3, 72, 74, 6, 'Fase a Gironi', 'A'),
(399, 20, 'Napolethanos', 'FC Volante', 2, 3, 71.5, 77, 5, 'Fase a Gironi', 'B'),
(400, 20, 'Lambrate FC', 'FC Volante', 1, 1, 68, 68.5, 6, 'Fase a Gironi', 'B'),
(401, 20, 'FC Lukand', 'Lambrate FC', 2, 0, 72, 65.5, 5, 'Fase a Gironi', 'B'),
(402, 20, 'Napolethanos', 'FC Lukand', 3, 1, 74, 66.5, 6, 'Fase a Gironi', 'B'),
(403, 20, 'Napolethanos', 'FC Pocholoco', 3, 3, 75, 74, 7, 'Semifinali', NULL),
(404, 20, 'FC Pocholoco', 'Napolethanos', 1, 2, 69, 71, 8, 'Semifinali', NULL),
(405, 20, 'Fc Ludopatici', 'FC Lukand', 0, 6, 64, 86.5, 7, 'Semifinali', NULL),
(406, 20, 'FC Lukand', 'Fc Ludopatici', 4, 4, 80, 80, 8, 'Semifinali', NULL),
(407, 20, 'Napolethanos', 'FC Lukand', 1, 2, 68.5, 73.5, 9, 'Finale', NULL);

-- --------------------------------------------------------

--
-- Struttura della tabella `partita_solitaria`
--

DROP TABLE IF EXISTS `partita_solitaria`;
CREATE TABLE IF NOT EXISTS `partita_solitaria` (
  `id_partita_solitaria` int NOT NULL AUTO_INCREMENT,
  `id_competizione_disputata` int NOT NULL,
  `nome_fantasquadra` varchar(100) NOT NULL,
  `punteggio` float NOT NULL,
  `giornata` int NOT NULL,
  PRIMARY KEY (`id_partita_solitaria`),
  KEY `nome_fantasquadra` (`nome_fantasquadra`),
  KEY `id_competizione_disputata` (`id_competizione_disputata`)
) ENGINE=MyISAM DEFAULT CHARSET=utf8mb4 COLLATE=utf8mb4_0900_ai_ci;

-- --------------------------------------------------------

--
-- Struttura della tabella `rosa`
--

DROP TABLE IF EXISTS `rosa`;
CREATE TABLE IF NOT EXISTS `rosa` (
  `id_rosa` int NOT NULL AUTO_INCREMENT,
  `nome_fantasquadra` varchar(100) NOT NULL,
  `anno` int NOT NULL,
  PRIMARY KEY (`id_rosa`),
  KEY `nome_fantasquadra` (`nome_fantasquadra`)
) ENGINE=MyISAM AUTO_INCREMENT=401 DEFAULT CHARSET=utf8mb4 COLLATE=utf8mb4_0900_ai_ci;

--
-- Dump dei dati per la tabella `rosa`
--

INSERT INTO `rosa` (`id_rosa`, `nome_fantasquadra`, `anno`) VALUES
(1, 'AntFeud', 2024),
(2, 'Fc Ludopatici', 2024),
(3, 'FC Lukand', 2024),
(4, 'FC Pocholoco', 2024),
(5, 'FC Volante', 2024),
(6, 'Ingegneri del Goal', 2024),
(7, 'Lambrate FC', 2024),
(8, 'Napolethanos', 2024),
(9, 'AntFeud', 2025),
(10, 'Fc Ludopatici', 2025),
(11, 'FC Lukand', 2025),
(12, 'FC Pocholoco', 2025),
(13, 'FC Volante', 2025),
(14, 'Ingegneri del Goal', 2025),
(15, 'Lambrate FC', 2025),
(16, 'Napolethanos', 2025);

-- --------------------------------------------------------

--
-- Struttura della tabella `sessions`
--

DROP TABLE IF EXISTS `sessions`;
CREATE TABLE IF NOT EXISTS `sessions` (
  `id_sessions` int NOT NULL AUTO_INCREMENT,
  `ip_address` varchar(100) DEFAULT NULL,
  `start_time` datetime DEFAULT NULL,
  `last_activity` datetime DEFAULT NULL,
  PRIMARY KEY (`id_sessions`)
) ENGINE=MyISAM AUTO_INCREMENT=122 DEFAULT CHARSET=utf8mb4 COLLATE=utf8mb4_0900_ai_ci;

--
-- Dump dei dati per la tabella `sessions`
--

INSERT INTO `sessions` (`id_sessions`, `ip_address`, `start_time`, `last_activity`) VALUES
(1, '9b79a9c635445929298908f8433bcc9df6e321f45e0b8a585d6d9af97ca791aa', '2024-05-29 23:51:25', '2024-05-30 00:08:46'),
(2, '9b79a9c635445929298908f8433bcc9df6e321f45e0b8a585d6d9af97ca791aa', '2024-05-30 01:50:15', '2024-05-30 01:50:22'),
(3, '96512c048ebeaf459068b2e4c5190e8c76b4ab4daa65d231bbabd1ef1f0059bc', '2024-05-30 11:40:09', '2024-05-30 11:41:37'),
(4, '9b79a9c635445929298908f8433bcc9df6e321f45e0b8a585d6d9af97ca791aa', '2024-05-30 16:15:46', '2024-05-30 16:15:48'),
(5, '9b79a9c635445929298908f8433bcc9df6e321f45e0b8a585d6d9af97ca791aa', '2024-05-31 00:39:53', '2024-05-31 00:52:04'),
(6, 'c475a7cadc94ba6529a061d00a554d50d5d355ee4e696173ff3e2ba8ee00ec2b', '2024-05-31 10:16:07', '2024-05-31 10:16:07'),
(7, '9b38759e4848429c2ef73c16598a8d6e86e5e9d16e4157782653c976fac3ab1e', '2024-05-31 15:16:19', '2024-05-31 15:17:09'),
(8, '52aac9d4e31cb6d734408e06fe3d0c2f8741f78cba78cfbddec2d4a765339295', '2024-06-02 15:39:37', '2024-06-02 15:39:37'),
(9, '9b79a9c635445929298908f8433bcc9df6e321f45e0b8a585d6d9af97ca791aa', '2024-06-02 23:49:17', '2024-06-02 23:49:17'),
(10, '9b79a9c635445929298908f8433bcc9df6e321f45e0b8a585d6d9af97ca791aa', '2024-06-03 01:14:16', '2024-06-03 01:14:22'),
(11, '9b79a9c635445929298908f8433bcc9df6e321f45e0b8a585d6d9af97ca791aa', '2024-06-04 00:04:04', '2024-06-04 00:07:59'),
(12, '9b79a9c635445929298908f8433bcc9df6e321f45e0b8a585d6d9af97ca791aa', '2024-06-04 20:01:06', '2024-06-04 20:12:19'),
(13, '6936cd80978c670ab63ebdbe47295870c1b5e2a1cf151fd45e33dc9ca073ca31', '2024-06-04 20:03:48', '2024-06-04 20:03:51'),
(14, '9b79a9c635445929298908f8433bcc9df6e321f45e0b8a585d6d9af97ca791aa', '2024-06-04 22:25:42', '2024-06-04 22:49:10'),
(15, '9b79a9c635445929298908f8433bcc9df6e321f45e0b8a585d6d9af97ca791aa', '2024-06-05 00:30:23', '2024-06-05 01:16:10'),
(16, '6846b86b51a16cfafdfb17525109328d6f9da47b502addf2530280f225ce3966', '2024-06-05 09:02:53', '2024-06-05 09:03:33'),
(17, '6846b86b51a16cfafdfb17525109328d6f9da47b502addf2530280f225ce3966', '2024-06-05 09:51:03', '2024-06-05 09:51:08'),
(18, '9b79a9c635445929298908f8433bcc9df6e321f45e0b8a585d6d9af97ca791aa', '2024-06-07 09:13:08', '2024-06-07 09:37:30'),
(19, 'd369f188b17a2aaae0ea3935a79259c8e5ec654a8376f4b5c0022f7e25644bb3', '2024-06-11 09:32:29', '2024-06-11 09:32:29'),
(20, '9b79a9c635445929298908f8433bcc9df6e321f45e0b8a585d6d9af97ca791aa', '2024-06-17 00:34:24', '2024-06-17 00:53:43'),
(21, '9b79a9c635445929298908f8433bcc9df6e321f45e0b8a585d6d9af97ca791aa', '2024-06-17 01:23:58', '2024-06-17 01:39:43'),
(22, '9b79a9c635445929298908f8433bcc9df6e321f45e0b8a585d6d9af97ca791aa', '2024-06-17 10:53:41', '2024-06-17 10:53:52'),
(23, '2f9f8dd5790a1030357be850236624bd7622469a82ac3ebbef006326e43d10cf', '2024-06-19 00:39:36', '2024-06-19 00:39:41'),
(24, '9b79a9c635445929298908f8433bcc9df6e321f45e0b8a585d6d9af97ca791aa', '2024-06-19 23:37:29', '2024-06-19 23:44:49'),
(25, '9b79a9c635445929298908f8433bcc9df6e321f45e0b8a585d6d9af97ca791aa', '2024-06-24 15:26:26', '2024-06-24 15:26:26'),
(26, '9b79a9c635445929298908f8433bcc9df6e321f45e0b8a585d6d9af97ca791aa', '2024-06-24 16:07:21', '2024-06-24 16:07:21'),
(27, '00fd2101f620f87fa0dd0f8c6baf52883764d54f61d828ee1cc1a2bf938b81ca', '2024-06-24 19:19:39', '2024-06-24 19:20:31'),
(28, '9caadc30478ad085bb41d4ac3ea270db062ac4e88d36e56781617f73c28b818b', '2024-06-24 23:15:33', '2024-06-24 23:15:33'),
(29, '9b79a9c635445929298908f8433bcc9df6e321f45e0b8a585d6d9af97ca791aa', '2024-06-25 15:08:31', '2024-06-25 15:08:31'),
(30, 'f0ce09b2f1b0119477cf5aab0ab586966f68614bc19630db4a606a9e55373dfa', '2024-07-01 16:51:03', '2024-07-01 16:51:03'),
(31, 'ad8ac27a4fc2094426dc58f1072dfc1521c039b66790bb42d3b3f75a587ede14', '2024-07-01 19:25:21', '2024-07-01 19:27:05'),
(32, 'f0ce09b2f1b0119477cf5aab0ab586966f68614bc19630db4a606a9e55373dfa', '2024-07-03 00:13:51', '2024-07-03 00:13:51'),
(33, '3de3c70f00656e98546832419bbdc62f7ff769652c91d501eebf94fb2e934f6f', '2024-07-04 11:14:27', '2024-07-04 11:14:27'),
(34, '3de3c70f00656e98546832419bbdc62f7ff769652c91d501eebf94fb2e934f6f', '2024-07-04 11:51:03', '2024-07-04 11:51:03'),
(35, '3de3c70f00656e98546832419bbdc62f7ff769652c91d501eebf94fb2e934f6f', '2024-07-04 13:30:52', '2024-07-04 13:30:52'),
(36, 'dbe00683fba2fb99d4d38d39c51750b0acc00d9100543986dee097e6d21a4aed', '2024-07-06 10:12:10', '2024-07-06 10:13:31'),
(37, '3de3c70f00656e98546832419bbdc62f7ff769652c91d501eebf94fb2e934f6f', '2024-07-06 12:10:47', '2024-07-06 12:10:47'),
(38, '3de3c70f00656e98546832419bbdc62f7ff769652c91d501eebf94fb2e934f6f', '2024-07-08 15:18:36', '2024-07-08 15:48:41'),
(39, '6846b86b51a16cfafdfb17525109328d6f9da47b502addf2530280f225ce3966', '2024-07-22 11:32:54', '2024-07-22 11:32:54'),
(40, '9e00b940018e2bc77a82eb542bb6b94585c856b64b16da3661cdb0ee00581289', '2024-07-22 16:00:44', '2024-07-22 16:53:16'),
(41, '48b9fae4e6ea738c5143e488c96e1076ddf21df0c6e0f92fc5a7f3cd24459759', '2024-07-25 13:12:13', '2024-07-25 13:12:13'),
(42, '23c06054ecfda825f7382918d8c256090c91f7f7b522816c1ef9b30803bd2706', '2024-07-28 23:54:46', '2024-07-28 23:54:58'),
(43, '842e0b81f2203088793a196cfc3f061d2ee25294940dc7162df25711d0f79e47', '2024-08-19 10:33:09', '2024-08-19 10:35:05'),
(44, '388df7c2dd289b6ddd3dbbc42b171b14db8de0176c68dedcd98bc1daef7030c2', '2024-08-21 16:54:23', '2024-08-21 16:54:23'),
(45, '842e0b81f2203088793a196cfc3f061d2ee25294940dc7162df25711d0f79e47', '2024-08-21 17:17:28', '2024-08-21 17:17:28'),
(46, '3bfd507b5037f66cb7a0420d5d3b897a4681124bb423b72627ee110fc2ff4ed5', '2024-08-28 13:59:46', '2024-08-28 13:59:49'),
(47, '6d3901c3484d86c404ebdae73aef63d823b506b61e9a853f62361c4d2dbc37a4', '2024-08-29 00:03:32', '2024-08-29 00:03:32'),
(48, 'caf79d71b8fd90f631e4d9c890e2e02ac697fb02a8297da9c6a585190a7859cc', '2024-08-29 00:03:52', '2024-08-29 00:04:23'),
(49, 'f670f1af9ad0db4e52f5e12cf94c4647810f0779bff2b8ef85fd442c954de5e6', '2024-08-29 00:03:57', '2024-08-29 00:04:11'),
(50, '3c711d990720e4c3108dfb3555b370107e6ce0762696a8d366a727776cac06f5', '2024-08-31 00:13:15', '2024-08-31 00:13:29'),
(51, '3c711d990720e4c3108dfb3555b370107e6ce0762696a8d366a727776cac06f5', '2024-08-31 01:44:51', '2024-08-31 01:44:51'),
(52, '842e0b81f2203088793a196cfc3f061d2ee25294940dc7162df25711d0f79e47', '2024-09-03 08:19:41', '2024-09-03 08:19:58'),
(53, '6b6db900c8ba9e9bd9ef6dd39b8322dcb6abe88ca3a7c4e0e9ffec5080aca295', '2024-09-04 17:51:45', '2024-09-04 17:54:10'),
(54, '842e0b81f2203088793a196cfc3f061d2ee25294940dc7162df25711d0f79e47', '2024-09-04 19:15:41', '2024-09-04 19:15:41'),
(55, 'b627a653ba4932e3d209f7592b13b87eb5fb66ce1ac152efb0acba5b2e8cb8a6', '2024-09-06 19:38:32', '2024-09-06 19:38:32'),
(56, 'b9ef1646d3fbcee646ad562a9e99c66ddf82f5e38bd4b0581ddfdbd747a94a00', '2024-09-07 14:25:09', '2024-09-07 14:25:25'),
(57, '842e0b81f2203088793a196cfc3f061d2ee25294940dc7162df25711d0f79e47', '2024-09-08 10:49:23', '2024-09-08 10:51:13'),
(58, '9f27790859a178460970c0f6ca50e2141bfaf23256640633f41c2de2ba12261e', '2024-09-08 17:41:18', '2024-09-08 17:41:18'),
(59, 'bca518da88524ef2677be6a17165cffdd861677b8c707873fc7aed3bf244cf3a', '2024-09-09 10:39:02', '2024-09-09 10:39:09'),
(60, '901f9ec8a6d00e66bf38987f0782b26d8d1a1761f557241803bb7101dbafa739', '2024-09-09 10:52:07', '2024-09-09 10:53:57'),
(61, 'd44052f2adafe9d8d08cbf725f8bac7b6e1ccb7319db2b812ea13c455489b83a', '2024-09-09 10:55:36', '2024-09-09 10:55:40'),
(62, 'c41d166d4edf7b066a68ec9e3ff697ad69f6b9326b226964a21e36601431b632', '2024-09-11 18:34:27', '2024-09-11 18:34:36'),
(63, 'fb274986450f7f222fd053007300a9fc515e18b239dbf75fe011da1950f91a9b', '2024-09-12 01:47:31', '2024-09-12 01:47:31'),
(64, '842e0b81f2203088793a196cfc3f061d2ee25294940dc7162df25711d0f79e47', '2024-09-17 17:10:41', '2024-09-17 17:10:41'),
(65, '842e0b81f2203088793a196cfc3f061d2ee25294940dc7162df25711d0f79e47', '2024-09-17 17:43:24', '2024-09-17 17:43:30'),
(66, '57054c8385c8dd4b4a48b76034988c4f9e9d736d71ccb3848e4e75861fa6dda3', '2024-09-23 21:01:10', '2024-09-23 21:01:10'),
(67, 'c8eed3c6a6618ad18c9e374ab1d833d95a264ad131f98ccd637ddf9c259af823', '2024-10-01 09:49:48', '2024-10-01 09:49:56'),
(68, 'b0cb1ba013b337964a8104ce8d6761461db4e1b1cb08a26ee1dc4d9d965fff54', '2024-10-03 10:19:48', '2024-10-03 10:19:57'),
(69, 'c739af6f47115f9cee5bc896c59433079e3e5284547dab0273102d4bb899b3e2', '2024-10-07 19:06:33', '2024-10-07 19:06:33'),
(70, '0675974e22bed06ab4d732ca61bbb7c9d89b0fa10e4e08c07daaace7e09343f8', '2024-10-16 23:31:42', '2024-10-16 23:31:42'),
(71, 'adf2d9754bb4ff77974211cc66b5cffa25f81a17ce3d1c2aea6272273bb02237', '2024-11-05 18:35:56', '2024-11-05 18:36:43'),
(72, 'dcb1891d24176d44e6ddfb0f478389744f38e5b2047c75a937b780ee09155f3e', '2024-11-08 10:52:20', '2024-11-08 10:52:20'),
(73, 'a5270a0d7c8da1943930c089a7f8113453ae7a1487518e951b79e3d4dea686be', '2024-11-08 11:00:39', '2024-11-08 11:00:53'),
(74, '725e86f7aff64dbb4c0bf72d57ff748d7115581dbca67d68c61a4a40300af10a', '2024-11-14 00:02:11', '2024-11-14 00:02:14'),
(75, '5ce2a3de90aea1eb42a779c147438fafa67255a1aaa54e7a3b966573d052ac3d', '2024-11-19 08:25:20', '2024-11-19 08:25:20'),
(76, 'cca0deffa36a850589f1d319fa614da9685f3eea0033916984d7bce9b56e4fc2', '2024-12-20 10:39:00', '2024-12-20 10:39:08'),
(77, 'dab256a28eda61e6079d05e93ede16991de07853fd3c02801255fb2f018ff630', '2024-12-30 13:33:05', '2024-12-30 13:33:05'),
(78, 'd12cbca676945b4372f3906e5fc50499c9d673bab1ff1132eab8789e8b8c1d06', '2025-01-26 09:57:02', '2025-01-26 09:57:02'),
(79, '0aabd4ffdb696ae902bb53a9ac374cf25ae2def18ba1513ca4ec686839556fc3', '2025-02-04 08:41:10', '2025-02-04 08:41:10'),
(80, 'c92b3ae7d5d1cbfe60a9876604402cf86132cde568ddb5de0f9f46e17d4d7bb3', '2025-02-06 15:14:10', '2025-02-06 15:14:10'),
(81, 'ba3e5f02e7dc2674dc2220183af977ced937f6c434a351f72523f037a67d6397', '2025-02-06 20:53:18', '2025-02-06 20:53:18'),
(82, 'c92b3ae7d5d1cbfe60a9876604402cf86132cde568ddb5de0f9f46e17d4d7bb3', '2025-02-06 22:54:25', '2025-02-06 22:54:31'),
(83, '3b31fadd61c3b9e9ffbe65c7be22cb328bc4657cdf2a0b1b9597df6a6c1c986d', '2025-02-12 12:12:15', '2025-02-12 12:12:15'),
(84, '63b5cfad0590605d3b7bba721d2479fa03f2d15b81751c31629072fc0720ea49', '2025-03-09 16:27:23', '2025-03-09 16:27:27'),
(85, '5a36510bbf6ea9b0560d56588210134c45070c1e12a4c80df67e8becb4c1e8a0', '2025-03-09 20:08:09', '2025-03-09 20:08:13'),
(86, 'f9c3660950d95217d59cbbeb3d0f286ee8c640b98f8ac2a6065fbcdc4bd55e6e', '2025-03-16 13:29:20', '2025-03-16 13:30:12'),
(87, '1b8fe1199e985fc4538cc25182a4fa82516cb7c99f155d660712b172c89bef5b', '2025-04-04 00:04:05', '2025-04-04 00:04:05'),
(88, 'd559e2d046d6f925c5261969f6389588d70b226d2f5359ece11c03776918e50b', '2025-04-19 17:11:09', '2025-04-19 17:30:05'),
(89, '5d8b2758e3056050a681efddf32bae56a9fbb78d7d4f56838401c76caefabf5d', '2025-04-19 17:16:43', '2025-04-19 17:17:46'),
(90, 'd559e2d046d6f925c5261969f6389588d70b226d2f5359ece11c03776918e50b', '2025-04-19 22:11:33', '2025-04-19 22:32:39'),
(91, 'd559e2d046d6f925c5261969f6389588d70b226d2f5359ece11c03776918e50b', '2025-04-20 00:09:00', '2025-04-20 01:15:24'),
(92, '5d8b2758e3056050a681efddf32bae56a9fbb78d7d4f56838401c76caefabf5d', '2025-04-21 12:06:37', '2025-04-21 12:06:37'),
(93, 'd559e2d046d6f925c5261969f6389588d70b226d2f5359ece11c03776918e50b', '2025-04-23 21:35:27', '2025-04-23 21:35:58'),
(94, 'cfce27a1d2c05686ec0dbc6dd88a6f419c2806e11acd5181fa6a4a94a6f2ffab', '2025-04-23 22:14:43', '2025-04-23 22:14:43'),
(95, 'd559e2d046d6f925c5261969f6389588d70b226d2f5359ece11c03776918e50b', '2025-04-25 22:08:34', '2025-04-25 22:08:51'),
(96, 'd559e2d046d6f925c5261969f6389588d70b226d2f5359ece11c03776918e50b', '2025-04-30 18:11:36', '2025-04-30 18:11:36'),
(97, '95f4d08ca32684210fc2350bdfaa1bcd61f56d7ef3f3f7d6d7dceb341e63024e', '2025-05-04 18:08:22', '2025-05-04 18:08:44'),
(98, 'd559e2d046d6f925c5261969f6389588d70b226d2f5359ece11c03776918e50b', '2025-05-10 12:36:05', '2025-05-10 12:36:50'),
(99, 'bc2bf091729e47110953965c4fbd3407393d3f7694c1672230a7733aa2023616', '2025-05-25 23:10:54', '2025-05-25 23:10:54'),
(100, 'd559e2d046d6f925c5261969f6389588d70b226d2f5359ece11c03776918e50b', '2025-05-28 00:00:45', '2025-05-28 00:21:18'),
(101, '4f1704af1bdd374e749109ca7c55db354e74e84e2135ebd3b2f425bb088a85ab', '2025-05-28 00:25:19', '2025-05-28 00:26:44'),
(102, 'd559e2d046d6f925c5261969f6389588d70b226d2f5359ece11c03776918e50b', '2025-05-28 18:37:37', '2025-05-28 18:37:37'),
(103, 'd5299345836c745e4ae56bb5560dd1e84d734947cd835ef2204c92fa3c5e1a8f', '2025-06-03 20:09:07', '2025-06-03 20:11:18'),
(104, 'd5299345836c745e4ae56bb5560dd1e84d734947cd835ef2204c92fa3c5e1a8f', '2025-06-03 22:39:33', '2025-06-03 22:57:44'),
(105, 'f278f08a598a41e2f1df593c5bd009538102018ee005231e9a5c53c8ee5615b9', '2025-06-04 13:09:05', '2025-06-04 13:12:01'),
(106, 'd559e2d046d6f925c5261969f6389588d70b226d2f5359ece11c03776918e50b', '2025-06-04 19:41:51', '2025-06-04 20:10:47'),
(107, 'd559e2d046d6f925c5261969f6389588d70b226d2f5359ece11c03776918e50b', '2025-06-17 12:08:54', '2025-06-17 12:12:17'),
(108, 'f278f08a598a41e2f1df593c5bd009538102018ee005231e9a5c53c8ee5615b9', '2025-06-19 15:43:37', '2025-06-19 15:46:20'),
(109, '49d3000bc7c9525cb91957bf7ad5584f0e9db2359e8c18d9cfbad167bc55b497', '2025-06-27 11:48:54', '2025-06-27 11:48:54'),
(110, '617a2bd2642ee46c5403e7828fea4c560e823f88a43226ceb1a14e3e5e8409f1', '2025-07-01 17:09:37', '2025-07-01 17:09:37'),
(111, '2bcf2c5a95674f9d02420ec0396c9cf21f29c1badb34e646d3a6834b937f3377', '2025-07-14 22:49:06', '2025-07-14 22:49:26'),
(112, '2bcf2c5a95674f9d02420ec0396c9cf21f29c1badb34e646d3a6834b937f3377', '2025-07-22 19:06:11', '2025-07-22 19:08:31'),
(113, '343be38c8da483ee45b60bb684fd3e3234fa5e04ffcea150405e277733be7481', '2025-07-29 02:56:02', '2025-07-29 02:56:27'),
(114, '54b035654463fd6f5b631d193119469afe4fa5cae1c5cda2fb0cf4657a6c5bf0', '2025-07-29 11:27:42', '2025-07-29 11:27:46'),
(115, '54b035654463fd6f5b631d193119469afe4fa5cae1c5cda2fb0cf4657a6c5bf0', '2025-07-29 19:59:51', '2025-07-29 19:59:55'),
(116, '54b035654463fd6f5b631d193119469afe4fa5cae1c5cda2fb0cf4657a6c5bf0', '2025-07-29 23:36:09', '2025-07-29 23:39:35'),
(117, '54b035654463fd6f5b631d193119469afe4fa5cae1c5cda2fb0cf4657a6c5bf0', '2025-07-30 14:52:44', '2025-07-30 15:01:00'),
(118, '271b9de90a680ff4a2a0b2ac19b719756e28ab50f5e58b599fd3d18e44d8b3b5', '2025-07-30 15:07:27', '2025-07-30 15:07:27'),
(119, 'cbcd3dd2278859946c346a94cf40ed4b6c0e1dc6dd27b92b170e819cbf2b6081', '2025-07-31 11:14:59', '2025-07-31 11:17:19'),
(120, 'd46cedb5b738a20186d6225f77bc3f0a62fa5bc7cca49fd76740b5cb33368190', '2025-08-07 12:07:29', '2025-08-07 12:07:29'),
(121, '54b035654463fd6f5b631d193119469afe4fa5cae1c5cda2fb0cf4657a6c5bf0', '2025-08-12 23:24:50', '2025-08-12 23:25:03');

-- --------------------------------------------------------

--
-- Struttura della tabella `tipologia_competizione`
--

DROP TABLE IF EXISTS `tipologia_competizione`;
CREATE TABLE IF NOT EXISTS `tipologia_competizione` (
  `tipologia` varchar(100) NOT NULL,
  PRIMARY KEY (`tipologia`)
) ENGINE=MyISAM DEFAULT CHARSET=utf8mb4 COLLATE=utf8mb4_0900_ai_ci;

--
-- Dump dei dati per la tabella `tipologia_competizione`
--

INSERT INTO `tipologia_competizione` (`tipologia`) VALUES
('A Calendario'),
('A Gruppi'),
('Battle Royale'),
('Eliminazione Diretta'),
('Formula Uno'),
('Highlander'),
('Mista'),
('Uno vs Tutti');

-- --------------------------------------------------------

--
-- Struttura della tabella `tipologia_partita`
--

DROP TABLE IF EXISTS `tipologia_partita`;
CREATE TABLE IF NOT EXISTS `tipologia_partita` (
  `tipologia` varchar(100) NOT NULL,
  PRIMARY KEY (`tipologia`)
) ENGINE=MyISAM DEFAULT CHARSET=utf8mb4 COLLATE=utf8mb4_0900_ai_ci;

--
-- Dump dei dati per la tabella `tipologia_partita`
--

INSERT INTO `tipologia_partita` (`tipologia`) VALUES
('Calendario'),
('Fase a Gironi'),
('Finale'),
('Ottavi'),
('Quarti'),
('Semifinali');

-- --------------------------------------------------------

--
-- Struttura della tabella `users`
--

DROP TABLE IF EXISTS `users`;
CREATE TABLE IF NOT EXISTS `users` (
  `id_user` int NOT NULL AUTO_INCREMENT,
  `username` varchar(60) NOT NULL,
  `password_hash` varchar(255) NOT NULL,
  `flag_admin` tinyint(1) NOT NULL DEFAULT '0',
  `nome_fantasquadra` varchar(100) DEFAULT NULL,
  `created_at` timestamp NULL DEFAULT CURRENT_TIMESTAMP,
  `last_activity` timestamp NULL DEFAULT NULL,
  `last_logout` timestamp NULL DEFAULT NULL,
  `theme_preference` varchar(20) DEFAULT 'auto',
  `email_notifications` tinyint(1) DEFAULT '1',
  `total_searches` int DEFAULT '0',
  `last_login` timestamp NULL DEFAULT NULL,
  `failed_login_attempts` int DEFAULT '0',
  PRIMARY KEY (`id_user`),
  UNIQUE KEY `username` (`username`),
  KEY `idx_username` (`username`),
  KEY `idx_nome_fantasquadra` (`nome_fantasquadra`),
  KEY `idx_last_login` (`last_login`),
  KEY `idx_total_searches` (`total_searches`)
) ENGINE=MyISAM AUTO_INCREMENT=9 DEFAULT CHARSET=utf8mb4 COLLATE=utf8mb4_0900_ai_ci;

--
-- Dump dei dati per la tabella `users`
--

INSERT INTO `users` (`id_user`, `username`, `password_hash`, `flag_admin`, `nome_fantasquadra`, `created_at`, `last_activity`, `last_logout`, `theme_preference`, `email_notifications`, `total_searches`, `last_login`, `failed_login_attempts`) VALUES
(1, 'Antonio', '$2y$10$CBwZ29eMjgRvezT4DpXaUen30HAebOLrS7e//yYqHgu8hMnKpGA9K', 1, 'AntFeud', '2025-08-31 00:33:11', '2025-09-05 16:23:16', '2025-09-04 22:38:32', 'light', 1, 0, '2025-09-05 15:35:16', 0),
(2, 'Pasquale', '$2y$10$r3PnHzCDBgPyQWL0WXtY2OZI8WKCvs73kQSuIHy8.j7jrvI0FaiB6', 0, 'FC Pocholoco', '2025-08-31 07:17:40', '2025-08-31 17:14:47', NULL, 'auto', 1, 0, '2025-08-31 17:14:47', 0),
(3, 'Andrea', '$2y$10$Oma2ERigeRMx3e3f8Ii5ce11LPtpEO0JEME97pljWyekxSrr1KyGq', 0, 'FC Lukand', '2025-08-31 08:27:10', '2025-09-01 15:50:57', NULL, 'auto', 1, 0, '2025-09-01 15:50:57', 0),
(4, 'Lorenzo', '$2y$10$kEJKlQ55Ohn.a.LfRSiI0O9sIHvmOHvG8xL2FzgQKUAGsyWqN61uK', 0, 'Fc Ludopatici', '2025-08-31 08:27:10', '2025-09-04 20:36:20', NULL, 'auto', 1, 0, '2025-09-04 20:36:20', 0),
(5, 'Cristian', '$2y$10$jO4qtPwyOlPSRsxEhjMSAuE.KttydZcf8dm4032KZFAASW0YbkKjq', 0, 'Lambrate FC', '2025-08-31 08:27:10', NULL, NULL, 'auto', 1, 0, '2025-08-31 08:27:10', 0),
(6, 'Mario', '$2y$10$CpgE56PfxoZivv9vfYdeGuDaZoO50o7GRYGaNAEDQTypwcLg4dJou', 0, 'Napolethanos', '2025-08-31 08:27:10', NULL, NULL, 'auto', 1, 0, '2025-08-31 08:27:10', 0),
(7, 'Vincenzo', '$2y$10$Do13u2SotfTzQ7f76rHyTOhEriTZ66iW3XlF8Y5I7NuHbVd.g1JLC', 0, 'FC Volante', '2025-08-31 08:27:10', '2025-09-01 00:30:38', NULL, 'auto', 1, 0, '2025-09-01 00:30:38', 0),
(8, 'Francesco', '$2y$10$7Y8S8c/3qqwtDzI3HXL6E.Sb3Rf5xS/iJN8gnotZdvK8UauUK/nU6', 0, 'Ingegneri del Goal', '2025-08-31 08:27:10', '2025-08-31 22:33:15', NULL, 'auto', 1, 0, '2025-08-31 22:33:15', 0);

-- --------------------------------------------------------

--
-- Struttura della tabella `user_activities`
--

DROP TABLE IF EXISTS `user_activities`;
CREATE TABLE IF NOT EXISTS `user_activities` (
  `id` int NOT NULL AUTO_INCREMENT,
  `id_user` int NOT NULL,
  `activity_type` varchar(50) NOT NULL,
  `description` text NOT NULL,
  `created_at` timestamp NULL DEFAULT CURRENT_TIMESTAMP,
  PRIMARY KEY (`id`),
  KEY `idx_user_created` (`id_user`,`created_at`),
  KEY `idx_activity_type` (`activity_type`),
  KEY `idx_created_at` (`created_at`)
) ENGINE=MyISAM AUTO_INCREMENT=175 DEFAULT CHARSET=utf8mb4 COLLATE=utf8mb4_0900_ai_ci;

-- --------------------------------------------------------

--
-- Struttura della tabella `user_parametro_assegnato`
--

DROP TABLE IF EXISTS `user_parametro_assegnato`;
CREATE TABLE IF NOT EXISTS `user_parametro_assegnato` (
  `id` int NOT NULL AUTO_INCREMENT,
  `id_user` int NOT NULL,
  `id_parametro` int NOT NULL,
  `session_id` varchar(64) NOT NULL DEFAULT '',
  `created_at` timestamp NULL DEFAULT CURRENT_TIMESTAMP,
  PRIMARY KEY (`id`),
  UNIQUE KEY `uq_parametro_unico` (`id_parametro`),
  KEY `idx_user` (`id_user`),
  KEY `idx_session` (`session_id`)
) ENGINE=MyISAM AUTO_INCREMENT=138 DEFAULT CHARSET=utf8mb4 COLLATE=utf8mb4_0900_ai_ci;
COMMIT;

/*!40101 SET CHARACTER_SET_CLIENT=@OLD_CHARACTER_SET_CLIENT */;
/*!40101 SET CHARACTER_SET_RESULTS=@OLD_CHARACTER_SET_RESULTS */;
/*!40101 SET COLLATION_CONNECTION=@OLD_COLLATION_CONNECTION */;
